customerID,Probabilidad_churn,Nivel_riesgo,Churn_real_label,Churn_predicho_label,Churn_real,Churn_predicho
2754-XBHTB,0.8379295563809006,Alto,Yes,Yes,1,1
9481-SFCQY,0.49126425874817825,Medio,No,No,0,0
0512-FLFDW,0.5356752705247967,Medio,No,No,0,0
0156-FVPTA,0.32752978288373635,Bajo,Yes,No,1,0
9257-AZMTZ,0.02905762241287996,Bajo,No,No,0,0
9019-QVLZD,0.868849833513787,Alto,Yes,Yes,1,1
3126-WQMGH,0.353650036793884,Medio,No,No,0,0
6671-NGWON,0.34956847800265634,Medio,No,No,0,0
3654-ARMGP,0.07785034759015962,Bajo,No,No,0,0
4983-CLMLV,0.5395626203781658,Medio,No,No,0,0
7813-TKCVO,0.09501086409782433,Bajo,No,No,0,0
5955-EPOAZ,0.4180605090593362,Medio,No,No,0,0
3106-ULWFW,0.8702938892080404,Alto,Yes,Yes,1,1
6087-YPWHO,0.02574985583799672,Bajo,No,No,0,0
9873-MNDKV,0.6133757029818988,Medio,No,Yes,0,1
3569-VLDHH,0.09575673623116197,Bajo,No,No,0,0
0129-KPTWJ,0.5920016320699252,Medio,No,Yes,0,1
7881-INRLC,0.6315782968854956,Medio,Yes,Yes,1,1
9114-DPSIA,0.03139894738009473,Bajo,No,No,0,0
1582-RAFML,0.5303276090978859,Medio,Yes,No,1,0
1166-PQLGG,0.019876981278813162,Bajo,No,No,0,0
5906-CVLHP,0.10019513539770421,Bajo,Yes,No,1,0
1049-FYSYG,0.49769597061877513,Medio,No,No,0,0
2676-OXPPQ,0.538753441341682,Medio,No,No,0,0
0485-ZBSLN,0.02752958372390487,Bajo,No,No,0,0
7786-WBJYI,0.7822423913111248,Alto,Yes,Yes,1,1
7950-XWOVN,0.6137199817657492,Medio,No,Yes,0,1
0619-OLYUR,0.1501438638692354,Bajo,No,No,0,0
0807-ZABDG,0.45877704827895216,Medio,Yes,No,1,0
0854-UYHZD,0.0504204007022271,Bajo,No,No,0,0
9835-ZIITK,0.4546257276765402,Medio,Yes,No,1,0
4881-GQJTW,0.20366608952229381,Bajo,No,No,0,0
6513-EECDB,0.9092936527610231,Alto,Yes,Yes,1,1
2324-AALNO,0.07393878318068442,Bajo,No,No,0,0
3757-NJYBX,0.68958562989105,Alto,Yes,Yes,1,1
4257-GAESD,0.7876836525221946,Alto,No,Yes,0,1
3871-IKPYH,0.8800161613884855,Alto,Yes,Yes,1,1
2359-QWQUL,0.3486643593331083,Medio,Yes,No,1,0
7632-MNYOY,0.3173671472132866,Bajo,Yes,No,1,0
1849-RJYIG,0.7034437007757146,Alto,No,Yes,0,1
8695-WDYEA,0.5205656728413466,Medio,No,No,0,0
6260-XLACS,0.21982299009181672,Bajo,No,No,0,0
6339-RZCBJ,0.07470840925904235,Bajo,No,No,0,0
9286-BHDQG,0.030479587663282234,Bajo,No,No,0,0
4065-JJAVA,0.6560084104940698,Medio,No,Yes,0,1
3841-NFECX,0.10324385302429596,Bajo,No,No,0,0
9220-CXRSC,0.029385727877966207,Bajo,No,No,0,0
8630-FJLIB,0.733062259520514,Alto,No,Yes,0,1
0840-DCNZE,0.133115217057224,Bajo,No,No,0,0
0943-ZQPXH,0.5977843325770469,Medio,No,Yes,0,1
3130-ICDUP,0.7361715187465484,Alto,No,Yes,0,1
2012-NWRPA,0.936366407038426,Alto,Yes,Yes,1,1
6729-FZWSY,0.06001785921253876,Bajo,No,No,0,0
4770-UEZOX,0.8481031650118569,Alto,No,Yes,0,1
1379-FRVEB,0.7540118707160635,Alto,No,Yes,0,1
6719-OXYBR,0.7217861088919545,Alto,No,Yes,0,1
4361-BKAXE,0.49695994809106137,Medio,Yes,No,1,0
3999-WRNGR,0.4943157863789914,Medio,No,No,0,0
5999-LCXAO,0.6126855071002363,Medio,No,Yes,0,1
6996-KNSML,0.8721619232104398,Alto,Yes,Yes,1,1
1980-KXVPM,0.8746176324266649,Alto,Yes,Yes,1,1
3400-ESFUW,0.02759562206462949,Bajo,Yes,No,1,0
2402-TAIRZ,0.37340677451531995,Medio,No,No,0,0
0932-YIXYU,0.03240077796846373,Bajo,No,No,0,0
5172-MIGPM,0.6248519587156217,Medio,No,Yes,0,1
8033-ATFAS,0.34678210871895143,Medio,No,No,0,0
5360-XGYAZ,0.06430044685334203,Bajo,No,No,0,0
8203-XJZRC,0.37684861434371325,Medio,No,No,0,0
6172-FECYY,0.5909462795363238,Medio,Yes,Yes,1,1
1265-BCFEO,0.0929113397780646,Bajo,No,No,0,0
2578-JQPHZ,0.20589978929253833,Bajo,No,No,0,0
9172-JITSM,0.7513484918886909,Alto,Yes,Yes,1,1
2533-TIBIX,0.42490274034301484,Medio,No,No,0,0
0680-DFNNY,0.8475155716961011,Alto,Yes,Yes,1,1
8286-AFUYI,0.6151508882716535,Medio,No,Yes,0,1
5453-YBTWV,0.07983809099158616,Bajo,No,No,0,0
5902-WBLSE,0.026939050665426793,Bajo,No,No,0,0
6372-RFVNS,0.8669213063683204,Alto,Yes,Yes,1,1
8434-VGEQQ,0.024540391671318808,Bajo,No,No,0,0
0334-ZFJSR,0.09310448570382154,Bajo,No,No,0,0
8336-TAVKX,0.043909155831388366,Bajo,No,No,0,0
9058-HRZSV,0.4367189143340161,Medio,No,No,0,0
1599-MMYRQ,0.18460995432871316,Bajo,No,No,0,0
7196-LIWRH,0.12001994224160588,Bajo,No,No,0,0
1271-SJBGZ,0.8070265537433907,Alto,Yes,Yes,1,1
4892-VLANZ,0.3766610624809774,Medio,Yes,No,1,0
3705-RHRFR,0.16893681164859053,Bajo,No,No,0,0
4989-LIXVT,0.6205458532246285,Medio,No,Yes,0,1
5025-GOOKI,0.22970408187719585,Bajo,No,No,0,0
3823-KYNQY,0.23996205848341817,Bajo,No,No,0,0
4016-BJKTZ,0.36794327102995145,Medio,No,No,0,0
1791-PQHBB,0.6380868049380828,Medio,No,Yes,0,1
0870-VEMYL,0.42778593811528454,Medio,Yes,No,1,0
6358-LYNGM,0.8907696530680175,Alto,Yes,Yes,1,1
4707-YNOQA,0.1065822728633024,Bajo,No,No,0,0
0719-SYFRB,0.5024842218853638,Medio,Yes,No,1,0
5536-RTPWK,0.6383586535402566,Medio,Yes,Yes,1,1
0397-GZBBC,0.6733881161475122,Alto,Yes,Yes,1,1
9178-JHUVJ,0.06787732725234595,Bajo,No,No,0,0
6173-ITPWD,0.4892770501015005,Medio,Yes,No,1,0
2927-CVULT,0.13754440080901745,Bajo,No,No,0,0
9805-FILKB,0.07176958405633249,Bajo,No,No,0,0
6585-WCEWR,0.02773559105903842,Bajo,No,No,0,0
8232-UTFOZ,0.02428731440185569,Bajo,No,No,0,0
1363-TXLSL,0.8906146016106073,Alto,Yes,Yes,1,1
8044-BGWPI,0.4497835810017441,Medio,No,No,0,0
9750-BOOHV,0.17874260564589883,Bajo,No,No,0,0
5131-PONJI,0.49316929481566957,Medio,No,No,0,0
8189-XRIKE,0.7452323981095571,Alto,No,Yes,0,1
3858-VOBET,0.7229605780123194,Alto,Yes,Yes,1,1
9700-ZCLOT,0.37222429747262803,Medio,No,No,0,0
5716-LIBJC,0.6414963462087245,Medio,No,Yes,0,1
3845-JHAMY,0.575621359958138,Medio,No,Yes,0,1
6169-PGNCD,0.05092008393672804,Bajo,No,No,0,0
5519-TEEUH,0.08689980113510357,Bajo,No,No,0,0
5052-PNLOS,0.898650772104424,Alto,Yes,Yes,1,1
2146-EGVDT,0.025513215172883078,Bajo,No,No,0,0
4451-RWASJ,0.1176524318639013,Bajo,No,No,0,0
4983-CCWMC,0.8320733529433736,Alto,No,Yes,0,1
6823-SIDFQ,0.08809415060322165,Bajo,No,No,0,0
7878-RTCZG,0.37670273748122335,Medio,No,No,0,0
0386-CWRGM,0.02713767898260099,Bajo,No,No,0,0
9028-LIHRP,0.060594681187808745,Bajo,No,No,0,0
6518-LGAOV,0.6998227465816914,Alto,Yes,Yes,1,1
0401-WDBXM,0.18237068565918454,Bajo,No,No,0,0
4513-CXYIX,0.15967931284670894,Bajo,No,No,0,0
8780-RSYYU,0.21244839220415188,Bajo,No,No,0,0
5872-OEQNH,0.2701314718271191,Bajo,No,No,0,0
4505-EXZHB,0.8538699375873728,Alto,Yes,Yes,1,1
6022-KOUQO,0.580798890367996,Medio,No,Yes,0,1
7459-IMVYU,0.2267121563947472,Bajo,No,No,0,0
0404-SWRVG,0.8861538632273427,Alto,Yes,Yes,1,1
7228-OMTPN,0.9164060639356316,Alto,Yes,Yes,1,1
8436-BJUMM,0.7344089335520575,Alto,Yes,Yes,1,1
5966-EMAZU,0.2858430779514908,Bajo,No,No,0,0
2739-CACDQ,0.7326611920430469,Alto,No,Yes,0,1
9529-OFXHY,0.6771058153717924,Alto,No,Yes,0,1
3779-OSWCF,0.04569256037226474,Bajo,No,No,0,0
2573-GYRUU,0.6482452454850448,Medio,No,Yes,0,1
7181-BQYBV,0.9042184620439774,Alto,Yes,Yes,1,1
8634-MPHTR,0.7711949723177852,Alto,Yes,Yes,1,1
0234-TEVTT,0.1650185480256473,Bajo,No,No,0,0
6365-MTGZX,0.7216639391214381,Alto,Yes,Yes,1,1
1442-OKRJE,0.2610170808712275,Bajo,No,No,0,0
8174-TBVCF,0.05934603285755231,Bajo,No,No,0,0
8022-BECSI,0.09296109242307314,Bajo,No,No,0,0
2294-DMMUS,0.35189228386116184,Medio,No,No,0,0
7056-IMHCC,0.737463561553075,Alto,Yes,Yes,1,1
8705-DWKTI,0.5604853263002235,Medio,No,Yes,0,1
8259-DZLIZ,0.12903524825554416,Bajo,No,No,0,0
2386-LAHRK,0.7184548866063103,Alto,Yes,Yes,1,1
4553-DVPZG,0.6888481526044102,Alto,No,Yes,0,1
9825-YCXWZ,0.4756043085684779,Medio,No,No,0,0
3235-ETOOB,0.8019127659857861,Alto,Yes,Yes,1,1
7789-HKSBS,0.5197053621281209,Medio,No,No,0,0
2667-WYLWJ,0.22858164611201137,Bajo,Yes,No,1,0
3212-KXOCR,0.03339098640390627,Bajo,No,No,0,0
4821-SJHJV,0.5715517803112673,Medio,No,Yes,0,1
8510-AWCXC,0.8386013650425705,Alto,Yes,Yes,1,1
0634-SZPQA,0.6363728246374973,Medio,Yes,Yes,1,1
0420-TXVSG,0.05573255937143714,Bajo,No,No,0,0
2308-STERM,0.37143459947358043,Medio,No,No,0,0
3649-JPUGY,0.07988207543677937,Bajo,No,No,0,0
2862-PFNIK,0.7875225221442438,Alto,No,Yes,0,1
1156-ZFYDO,0.4722114399933547,Medio,No,No,0,0
6726-WEXXK,0.5530394821553902,Medio,No,Yes,0,1
2240-HSJQD,0.4910232093908288,Medio,No,No,0,0
6086-ESGRL,0.8311323563703656,Alto,Yes,Yes,1,1
0486-HECZI,0.5391139726072414,Medio,Yes,No,1,0
6630-UJZMY,0.9248373490844223,Alto,No,Yes,0,1
5862-BRIXZ,0.12287229364307993,Bajo,No,No,0,0
5469-CTCWN,0.39864596804685376,Medio,Yes,No,1,0
9948-YPTDG,0.4849727566943619,Medio,Yes,No,1,0
6537-OTKMY,0.5296031846297061,Medio,No,No,0,0
0621-TWIEM,0.7062804505571764,Alto,Yes,Yes,1,1
6408-OTUBZ,0.2098608340065365,Bajo,No,No,0,0
8547-NSBBO,0.37952489920555993,Medio,No,No,0,0
7338-ERIVA,0.13745315206624853,Bajo,No,No,0,0
8931-GJJIQ,0.9022337386681484,Alto,Yes,Yes,1,1
9512-PHSMG,0.39460051765855275,Medio,No,No,0,0
5552-ZNFSJ,0.6882061202687935,Alto,Yes,Yes,1,1
2873-ZLIWT,0.5320471533993271,Medio,Yes,No,1,0
4635-EJYPD,0.03540718496747862,Bajo,No,No,0,0
4816-LXZYW,0.6931378169257496,Alto,Yes,Yes,1,1
8663-UPDGF,0.38797721938831026,Medio,No,No,0,0
3976-HXHCE,0.02290192919211793,Bajo,No,No,0,0
2351-RRBUE,0.18779130965950758,Bajo,No,No,0,0
7638-QVMVY,0.8835493319436538,Alto,Yes,Yes,1,1
1642-HMARX,0.08465303013354333,Bajo,No,No,0,0
3249-ZPQRG,0.833974199564678,Alto,Yes,Yes,1,1
5934-TSSAU,0.5757094576493561,Medio,No,Yes,0,1
5839-SUYVZ,0.5551025011913271,Medio,No,Yes,0,1
9962-BFPDU,0.34376490183641795,Medio,No,No,0,0
3161-GETRM,0.6378160592598262,Medio,No,Yes,0,1
9314-QDMDW,0.5636311760518886,Medio,No,Yes,0,1
4548-SDBKE,0.9070179291469462,Alto,Yes,Yes,1,1
8089-UZWLX,0.258730548531735,Bajo,No,No,0,0
4785-FCIFB,0.03196934149022512,Bajo,No,No,0,0
2082-OJVTK,0.732142677978433,Alto,Yes,Yes,1,1
9738-QLWTP,0.31892325678726385,Bajo,No,No,0,0
4926-UMJZD,0.2739814974008525,Bajo,No,No,0,0
8807-ARQET,0.5317019936787265,Medio,No,No,0,0
6817-WTYHE,0.6063891744573086,Medio,No,Yes,0,1
0128-MKWSG,0.2935534410212647,Bajo,No,No,0,0
0396-HUJBP,0.37170007869096855,Medio,No,No,0,0
5542-TBBWB,0.8847446882037457,Alto,No,Yes,0,1
2565-JSLRY,0.493620694237308,Medio,Yes,No,1,0
6286-ZHAOK,0.2408749548428226,Bajo,No,No,0,0
5533-RJFTJ,0.4130395313046772,Medio,No,No,0,0
2823-LKABH,0.6713937840509131,Alto,No,Yes,0,1
2169-RRLFW,0.0278088486270945,Bajo,No,No,0,0
9812-GHVRI,0.5682835914808786,Medio,No,Yes,0,1
5698-BQJOH,0.9026165012473144,Alto,Yes,Yes,1,1
2911-UREFD,0.4984950995731774,Medio,Yes,No,1,0
7569-NMZYQ,0.1160543708106974,Bajo,No,No,0,0
7928-VJYAB,0.861849646100488,Alto,No,Yes,0,1
2296-DKZFP,0.04806432830331307,Bajo,No,No,0,0
1927-QEWMY,0.02257961496433632,Bajo,No,No,0,0
9581-GVBXT,0.11375886077410038,Bajo,No,No,0,0
7615-ESMYF,0.8470475979846512,Alto,Yes,Yes,1,1
8098-LLAZX,0.9444107955247935,Alto,Yes,Yes,1,1
8587-XYZSF,0.03993972133826194,Bajo,No,No,0,0
3547-LQRIK,0.10091913697059866,Bajo,No,No,0,0
5899-OUVKV,0.728214471665508,Alto,No,Yes,0,1
4807-IZYOZ,0.03409236862042058,Bajo,No,No,0,0
1498-NHTLT,0.07560530553096989,Bajo,No,No,0,0
9647-ERGBE,0.7769622271357959,Alto,Yes,Yes,1,1
9231-ZJYAM,0.9101861029262674,Alto,Yes,Yes,1,1
2521-NPUZR,0.07217505650745916,Bajo,No,No,0,0
8096-LOIST,0.5811070578145732,Medio,No,Yes,0,1
3594-IVHJZ,0.4367966500315019,Medio,No,No,0,0
5135-GRQJV,0.15081601180045598,Bajo,No,No,0,0
5898-IGSLP,0.4318711913114871,Medio,No,No,0,0
4587-NUKOX,0.7984088367048381,Alto,Yes,Yes,1,1
0946-CLJTI,0.7505726895571174,Alto,Yes,Yes,1,1
5402-HTOTQ,0.4701767982267255,Medio,No,No,0,0
0637-UBJRP,0.6302471291269801,Medio,Yes,Yes,1,1
6960-HVYXR,0.8620158339309406,Alto,Yes,Yes,1,1
4547-FZJWE,0.11138172602661991,Bajo,No,No,0,0
9489-UTFKA,0.6145973902116653,Medio,No,Yes,0,1
1268-ASBGA,0.7834544279230482,Alto,Yes,Yes,1,1
3503-TYDAY,0.5238174352289066,Medio,No,No,0,0
9755-JHNMN,0.03629010436147097,Bajo,No,No,0,0
2880-FPNAE,0.8914287388826779,Alto,No,Yes,0,1
7893-IXHRQ,0.4725653514722036,Medio,Yes,No,1,0
4950-BDEUX,0.6029388337402155,Medio,No,Yes,0,1
6897-UUBNU,0.43150382459575204,Medio,No,No,0,0
0254-WWRKD,0.08020483012161116,Bajo,No,No,0,0
6281-FKEWS,0.4460442054352794,Medio,No,No,0,0
3137-NYQQI,0.18233001653719974,Bajo,No,No,0,0
9281-OFDMF,0.6720294206357837,Alto,No,Yes,0,1
6997-UVGOX,0.03341320072426549,Bajo,No,No,0,0
0743-HRVFF,0.32564281948068946,Bajo,No,No,0,0
7153-OANIO,0.8544319745927341,Alto,Yes,Yes,1,1
3590-TCXTB,0.37689029754838954,Medio,No,No,0,0
5808-TOTXO,0.26049291659619245,Bajo,No,No,0,0
3955-JBZZM,0.6917137838747629,Alto,No,Yes,0,1
7244-KXYZN,0.09456729937446333,Bajo,No,No,0,0
2656-FMOKZ,0.7231714416905543,Alto,Yes,Yes,1,1
5201-FRKKS,0.44454466201809484,Medio,No,No,0,0
7801-CEDNV,0.14241428568589307,Bajo,No,No,0,0
7964-VEXDG,0.5697224653454949,Medio,No,Yes,0,1
5884-FBCTL,0.024061769936845546,Bajo,No,No,0,0
1323-OOEPC,0.6187324952234391,Medio,Yes,Yes,1,1
1428-GTBJJ,0.8210627755840667,Alto,Yes,Yes,1,1
7036-ZZKBD,0.3565126688799225,Medio,No,No,0,0
8627-EHGIP,0.3186444230821021,Bajo,Yes,No,1,0
2750-BJLSB,0.38974204211350144,Medio,No,No,0,0
9714-EDSUC,0.7163366422301679,Alto,No,Yes,0,1
7587-AOVVU,0.4747394923217458,Medio,No,No,0,0
7722-VJRQD,0.05759331439349554,Bajo,No,No,0,0
2424-WVHPL,0.8174705438872544,Alto,No,Yes,0,1
4503-BDXBD,0.7783896819175877,Alto,Yes,Yes,1,1
9762-YAQAA,0.32845720597761113,Bajo,No,No,0,0
2330-PQGDQ,0.2066904575839121,Bajo,No,No,0,0
5372-FBKBN,0.15643076563560807,Bajo,No,No,0,0
0623-GDISB,0.5992841207490486,Medio,No,Yes,0,1
1091-SOZGA,0.47095243037391515,Medio,No,No,0,0
7841-FCRQD,0.1385998787357782,Bajo,No,No,0,0
3932-CMDTD,0.7948242807117336,Alto,Yes,Yes,1,1
5186-PEIZU,0.14541748041859512,Bajo,No,No,0,0
6598-KELSS,0.1878340629767732,Bajo,No,No,0,0
2101-RANCD,0.5978937294863559,Medio,No,Yes,0,1
3794-NFNCH,0.35959419435924234,Medio,No,No,0,0
6029-WTIPC,0.8117031697868555,Alto,Yes,Yes,1,1
5384-ZTTWP,0.17036894270064445,Bajo,No,No,0,0
5233-GEEAX,0.8256302525384995,Alto,Yes,Yes,1,1
5803-NQJZO,0.03528226744435422,Bajo,No,No,0,0
8929-KSWIH,0.2834540778380363,Bajo,No,No,0,0
9251-WNSOD,0.09893081278541442,Bajo,No,No,0,0
5356-CSVSQ,0.7083540596435041,Alto,No,Yes,0,1
2931-VUVJN,0.29489698638204276,Bajo,No,No,0,0
9972-NKTFD,0.22107036340352487,Bajo,No,No,0,0
5829-NVSQN,0.1859599312212777,Bajo,No,No,0,0
2135-RXIHG,0.7428456903795132,Alto,Yes,Yes,1,1
4825-XJGDM,0.08253434899847605,Bajo,No,No,0,0
7021-XSNYE,0.23965740854717582,Bajo,No,No,0,0
2077-MPJQO,0.8980380643774839,Alto,No,Yes,0,1
6619-RPLQZ,0.027772077229192213,Bajo,No,No,0,0
8680-CGLTP,0.15215886723296881,Bajo,No,No,0,0
0112-QAWRZ,0.7165251084702907,Alto,No,Yes,0,1
2550-AEVRU,0.09719855879821936,Bajo,No,No,0,0
4531-AUZNK,0.25663296946609826,Bajo,No,No,0,0
8417-GSODA,0.5202917436020656,Medio,No,No,0,0
3648-GZPHF,0.1976454736507951,Bajo,No,No,0,0
3199-XGZCY,0.8750694435436847,Alto,No,Yes,0,1
2232-DMLXU,0.6583375270316789,Medio,Yes,Yes,1,1
6797-LNAQX,0.172737879730692,Bajo,Yes,No,1,0
5277-ZLOOR,0.9290033531202632,Alto,Yes,Yes,1,1
4163-NCJAK,0.096896162953907,Bajo,No,No,0,0
1534-OULXE,0.09806234801530396,Bajo,No,No,0,0
9823-EALYC,0.039254623285625144,Bajo,No,No,0,0
7129-ACFOG,0.703535106563284,Alto,No,Yes,0,1
1391-UBDAR,0.8068682082810534,Alto,No,Yes,0,1
0654-PQKDW,0.08860229039682119,Bajo,No,No,0,0
6207-WIOLX,0.4848099323817634,Medio,Yes,No,1,0
3845-FXCYS,0.5343920072051719,Medio,No,No,0,0
1589-AGTLK,0.7345243015525279,Alto,Yes,Yes,1,1
4676-WLUHT,0.08813399239238652,Bajo,No,No,0,0
1200-TUZHR,0.9006740806148796,Alto,No,Yes,0,1
5854-KSRBJ,0.023688479622035425,Bajo,No,No,0,0
5060-TQUQN,0.45664567610543905,Medio,No,No,0,0
3988-RQIXO,0.9366801601453285,Alto,Yes,Yes,1,1
1591-XWLGB,0.023079536710923557,Bajo,No,No,0,0
2040-LDIWQ,0.08090165743907779,Bajo,No,No,0,0
6047-YHPVI,0.8756208525929302,Alto,Yes,Yes,1,1
6088-BXMRG,0.7368996943327478,Alto,No,Yes,0,1
3348-CFRNX,0.6153817050137323,Medio,Yes,Yes,1,1
7820-ZYGNY,0.3038744639976922,Bajo,No,No,0,0
9152-AMKAK,0.2872049002387273,Bajo,No,No,0,0
4945-RVMTE,0.4495740650205604,Medio,No,No,0,0
8597-CTXVJ,0.04824898847316226,Bajo,No,No,0,0
5176-OLSKT,0.04321290314994407,Bajo,No,No,0,0
1907-YLNYW,0.7171960554336821,Alto,No,Yes,0,1
3067-SVMTC,0.05378626322983147,Bajo,No,No,0,0
6629-LADHQ,0.5146014341037863,Medio,No,No,0,0
4500-HKANN,0.07195099398637514,Bajo,No,No,0,0
5307-UVGNB,0.3172684870588104,Bajo,No,No,0,0
1568-LJSZU,0.055207544516022514,Bajo,No,No,0,0
4720-VSTSI,0.5096700754717387,Medio,Yes,No,1,0
3627-FHKBK,0.7127251603279372,Alto,Yes,Yes,1,1
3752-CQSJI,0.218336280325826,Bajo,No,No,0,0
3339-EAQNV,0.42458965262877607,Medio,No,No,0,0
1596-BBVTG,0.5248878725424931,Medio,Yes,No,1,0
0434-CSFON,0.7306704767697207,Alto,No,Yes,0,1
2718-GAXQD,0.6923679306332914,Alto,Yes,Yes,1,1
4002-BQWPQ,0.24293113436157557,Bajo,No,No,0,0
9139-TWBAS,0.2257998730091581,Bajo,No,No,0,0
5134-IKDAY,0.8692918188933636,Alto,Yes,Yes,1,1
9314-IJWSQ,0.7815598274109774,Alto,No,Yes,0,1
6510-UPNKS,0.1155214251528226,Bajo,No,No,0,0
4760-THGOT,0.5802518022893676,Medio,No,Yes,0,1
3518-FSTWG,0.2124017007125862,Bajo,No,No,0,0
6614-VBEGU,0.49699662657950056,Medio,No,No,0,0
6429-SHBCB,0.5337997151284692,Medio,No,No,0,0
7691-KGKGP,0.17746453573468596,Bajo,No,No,0,0
3472-OAOOR,0.3579555785205041,Medio,No,No,0,0
4114-QMKVN,0.11294055785153075,Bajo,No,No,0,0
0689-DSXGL,0.27542213269400356,Bajo,No,No,0,0
6878-GGDWG,0.15043320003301916,Bajo,No,No,0,0
1465-LNTLJ,0.684924433500039,Alto,No,Yes,0,1
8406-LNMHF,0.2594936482496471,Bajo,No,No,0,0
7032-LMBHI,0.17880701161935672,Bajo,No,No,0,0
8398-TBIYD,0.09477270742586669,Bajo,No,No,0,0
6333-YDVLT,0.295856484143599,Bajo,No,No,0,0
5849-ASHZJ,0.07985123225841248,Bajo,No,No,0,0
5977-CKHON,0.5902137169816271,Medio,No,Yes,0,1
3704-IEAXF,0.06760783270492521,Bajo,No,No,0,0
1550-LOAHA,0.5222957343186583,Medio,Yes,No,1,0
8617-ENBDS,0.8232635542712416,Alto,No,Yes,0,1
9146-JRIOX,0.2049075413235317,Bajo,No,No,0,0
5678-VFNEQ,0.3406773614718518,Medio,No,No,0,0
5153-LXKDT,0.22542037565006284,Bajo,No,No,0,0
6134-KWTBV,0.033605204692621835,Bajo,No,No,0,0
8329-IBCTI,0.37659855340205683,Medio,Yes,No,1,0
4815-TUMEQ,0.24736196957027393,Bajo,No,No,0,0
6794-HKIAJ,0.30634807761866817,Bajo,No,No,0,0
9402-ROUMJ,0.21388071023210325,Bajo,No,No,0,0
0565-JUPYD,0.17814731144332246,Bajo,No,No,0,0
7665-TOALD,0.8846903781461227,Alto,Yes,Yes,1,1
8496-DMZUK,0.3043392735892641,Bajo,No,No,0,0
0134-XWXCE,0.20343976417865736,Bajo,No,No,0,0
8429-XIBUM,0.7073586440027982,Alto,Yes,Yes,1,1
0813-TAXXS,0.17278641926867197,Bajo,No,No,0,0
4806-HIPDW,0.8829817465181838,Alto,Yes,Yes,1,1
6645-MXQJT,0.8478004963510534,Alto,No,Yes,0,1
8405-IGQFX,0.2742478994987205,Bajo,No,No,0,0
3428-MMGUB,0.3326922092325456,Medio,No,No,0,0
0334-GDDSO,0.8943013109436789,Alto,Yes,Yes,1,1
4589-IUAJB,0.02836568389959293,Bajo,No,No,0,0
0880-FVFWF,0.4730143976650424,Medio,No,No,0,0
2959-MJHIC,0.8887491005471595,Alto,Yes,Yes,1,1
1937-OTUKY,0.11861521247159805,Bajo,No,No,0,0
3859-CVCET,0.5833072274958355,Medio,Yes,Yes,1,1
2725-TTRIQ,0.05956663479174106,Bajo,No,No,0,0
9786-YWNHU,0.02248376649005313,Bajo,No,No,0,0
4573-JKNAE,0.10165903428690574,Bajo,No,No,0,0
6814-ZPWFQ,0.09691328874718783,Bajo,No,No,0,0
4763-PGDPO,0.8254069806281935,Alto,Yes,Yes,1,1
4343-EJVQB,0.6844122360976492,Alto,No,Yes,0,1
7521-YXVZY,0.33834521412834206,Medio,No,No,0,0
7492-TAFJD,0.2108900252207316,Bajo,No,No,0,0
5248-YGIJN,0.0579607073839006,Bajo,No,No,0,0
5129-JLPIS,0.6514283923534544,Medio,No,Yes,0,1
3569-JFODW,0.039381826896585086,Bajo,No,No,0,0
9746-YKGXB,0.1716996780412113,Bajo,No,No,0,0
1575-KRZZE,0.5656007051367758,Medio,No,Yes,0,1
3644-QXEHN,0.7599745366698683,Alto,No,Yes,0,1
0786-IVLAW,0.3982952966605025,Medio,No,No,0,0
9548-LIGTA,0.05620997196786029,Bajo,No,No,0,0
4277-UDIEF,0.2943783065333533,Bajo,No,No,0,0
2482-CZGBB,0.8631022943735869,Alto,Yes,Yes,1,1
6857-VWJDT,0.8827562731254381,Alto,Yes,Yes,1,1
1666-JXLKU,0.7742032857869586,Alto,No,Yes,0,1
2595-KIWPV,0.04182688387463247,Bajo,No,No,0,0
7243-LCGGZ,0.37711958772312376,Medio,No,No,0,0
0022-TCJCI,0.16665265802814946,Bajo,Yes,No,1,0
3755-JBMNH,0.6846239369899985,Alto,Yes,Yes,1,1
8181-YHCMF,0.07389176394445265,Bajo,No,No,0,0
7682-AZNDK,0.6243537569321943,Medio,No,Yes,0,1
7554-AKDQF,0.5689542437780875,Medio,No,Yes,0,1
4654-GGUII,0.18554686660433534,Bajo,No,No,0,0
7641-TQFHN,0.2237312873464204,Bajo,No,No,0,0
1899-VXWXM,0.4795684997157248,Medio,Yes,No,1,0
0577-WHMEV,0.5961742317353519,Medio,No,Yes,0,1
8999-EXMNO,0.045150157546255405,Bajo,No,No,0,0
9139-WQQDY,0.3848774692251803,Medio,Yes,No,1,0
2195-ZRVAX,0.6314646514482827,Medio,Yes,Yes,1,1
5318-IXUZF,0.8400674077655026,Alto,Yes,Yes,1,1
9695-IDRZR,0.22081025927630502,Bajo,No,No,0,0
8696-JKZNU,0.7072891026445036,Alto,Yes,Yes,1,1
7030-FZTFM,0.12436709452188621,Bajo,No,No,0,0
4415-IJZTP,0.8907005527051263,Alto,Yes,Yes,1,1
0318-QUUOB,0.8952530036090294,Alto,Yes,Yes,1,1
4452-ROHMO,0.05559988997469205,Bajo,No,No,0,0
0274-JKUJR,0.6571048871500956,Medio,No,Yes,0,1
7016-NVRIC,0.4128427926968804,Medio,No,No,0,0
2236-HILPA,0.024180032574078535,Bajo,No,No,0,0
5949-HGVJL,0.44431641476049966,Medio,No,No,0,0
7905-TVXTA,0.6410226504556116,Medio,No,Yes,0,1
4697-LUPSU,0.20307032913851356,Bajo,No,No,0,0
1303-SRDOK,0.1769615362779469,Bajo,No,No,0,0
5914-XRFQB,0.13039715728017015,Bajo,No,No,0,0
6505-OZNPG,0.339555495178849,Medio,No,No,0,0
1602-IJQQE,0.853383217678244,Alto,Yes,Yes,1,1
9305-CDSKC,0.9274462950278338,Alto,Yes,Yes,1,1
5399-ZIMKF,0.8392604639827146,Alto,No,Yes,0,1
6474-FVJLC,0.9156657241869314,Alto,Yes,Yes,1,1
1251-STYSZ,0.8741357731251518,Alto,No,Yes,0,1
6778-EICRF,0.23890344004243438,Bajo,No,No,0,0
9259-PACGQ,0.23312162076445248,Bajo,Yes,No,1,0
7901-TBKJX,0.7626038554330129,Alto,No,Yes,0,1
4250-ZBWLV,0.3345378497610216,Medio,Yes,No,1,0
2077-DDHJK,0.02932675043254458,Bajo,No,No,0,0
4057-FKCZK,0.1938522998627977,Bajo,No,No,0,0
0696-UKTOX,0.2785760427350911,Bajo,No,No,0,0
3750-CKVKH,0.8821746839353145,Alto,Yes,Yes,1,1
2676-SSLTO,0.10965113916303079,Bajo,No,No,0,0
0516-OOHAR,0.4382416387986565,Medio,No,No,0,0
8348-HFYIV,0.8837720304907801,Alto,Yes,Yes,1,1
6693-FRIRW,0.6696687137912305,Alto,No,Yes,0,1
8849-PRIQJ,0.32729528524095647,Bajo,No,No,0,0
2725-IWWBA,0.06316988115697371,Bajo,No,No,0,0
8735-IJJEG,0.387763541424865,Medio,No,No,0,0
7826-VVKWT,0.5337267923058957,Medio,No,No,0,0
7217-JYHOQ,0.22710061357690012,Bajo,No,No,0,0
7951-QKZPL,0.05469801816519077,Bajo,Yes,No,1,0
4878-BUNFV,0.029388965261086697,Bajo,No,No,0,0
2661-GKBTK,0.05665145849504284,Bajo,No,No,0,0
7945-PRBVF,0.040669036800504085,Bajo,No,No,0,0
1750-CSKKM,0.683543161041863,Alto,Yes,Yes,1,1
6469-MRVET,0.3347530262001695,Medio,No,No,0,0
3966-HRMZA,0.8084496688242304,Alto,No,Yes,0,1
1100-DDVRV,0.6154548981276498,Medio,No,Yes,0,1
2082-CEFLT,0.7428287367417293,Alto,Yes,Yes,1,1
3161-ONRWK,0.06319562935455537,Bajo,No,No,0,0
6050-IJRHS,0.4357785959208457,Medio,No,No,0,0
5505-OVWQW,0.10144549970878383,Bajo,No,No,0,0
2080-CAZNM,0.7728738371038879,Alto,No,Yes,0,1
2316-ESMLS,0.28861874190951076,Bajo,No,No,0,0
5380-WJKOV,0.7605857260461512,Alto,Yes,Yes,1,1
6704-UTUKK,0.6828254566357838,Alto,No,Yes,0,1
3733-LSYCE,0.5388981280529878,Medio,No,No,0,0
3253-HKOKL,0.3784944822079705,Medio,No,No,0,0
8711-LOBKY,0.02410365737955556,Bajo,No,No,0,0
1452-UZOSF,0.09168868483935066,Bajo,No,No,0,0
6542-LWGXJ,0.6729535375328467,Alto,No,Yes,0,1
5569-IDSEY,0.38013307594002144,Medio,No,No,0,0
6407-UTSLV,0.8674201500605982,Alto,No,Yes,0,1
7661-CPURM,0.4697418202121447,Medio,No,No,0,0
9584-EXCDZ,0.568879829751847,Medio,No,Yes,0,1
2675-IJRGJ,0.032889869531812124,Bajo,No,No,0,0
4815-GBTCD,0.7962957677295398,Alto,No,Yes,0,1
0960-HUWBM,0.20330984221039464,Bajo,No,No,0,0
2928-HLDBA,0.35438203072409785,Medio,No,No,0,0
2625-TRCZQ,0.5725471826830155,Medio,No,Yes,0,1
1585-MQSSU,0.28095081756210355,Bajo,Yes,No,1,0
2135-DQWAQ,0.8223933323839705,Alto,No,Yes,0,1
0174-QRVVY,0.024583654542454734,Bajo,No,No,0,0
9492-TOKRI,0.701443870474881,Alto,Yes,Yes,1,1
1724-BQUHA,0.9306961323014933,Alto,Yes,Yes,1,1
5057-LCOUI,0.6462373520282968,Medio,Yes,Yes,1,1
6369-MCAKO,0.05524590398248246,Bajo,No,No,0,0
5915-DGNVC,0.19373696043321387,Bajo,No,No,0,0
3413-BMNZE,0.6637589166855976,Alto,No,Yes,0,1
9819-FBNSV,0.5821854185310308,Medio,No,Yes,0,1
2519-ERQOJ,0.645882131610352,Medio,No,Yes,0,1
4976-LNFVV,0.5445149863249303,Medio,No,No,0,0
9708-KFDBY,0.39098948307738507,Medio,No,No,0,0
7740-KKCXF,0.3583917829774949,Medio,No,No,0,0
1423-BMPBQ,0.40613169252322073,Medio,No,No,0,0
4529-CKBCL,0.8945609283212956,Alto,Yes,Yes,1,1
7392-YYPYJ,0.8000770918211446,Alto,No,Yes,0,1
2722-VOJQL,0.3327020430079531,Medio,Yes,No,1,0
3910-MRQOY,0.022492491982881068,Bajo,No,No,0,0
9640-ZSLDC,0.15550966730328858,Bajo,No,No,0,0
1051-EQPZR,0.1048265783461089,Bajo,No,No,0,0
8197-BFWVU,0.05086387906075527,Bajo,No,No,0,0
3352-ALMCK,0.6511031210884024,Medio,No,Yes,0,1
0988-JRWWP,0.7839792510672754,Alto,No,Yes,0,1
0909-SDHNU,0.5524940899264308,Medio,No,Yes,0,1
2669-OIDSD,0.5213971310922174,Medio,No,No,0,0
2719-BDAQO,0.7013661005399061,Alto,Yes,Yes,1,1
5799-JRCZO,0.024068157292766353,Bajo,No,No,0,0
5397-TUPSH,0.32969974859821366,Bajo,No,No,0,0
6322-PJJDJ,0.3614075116999436,Medio,No,No,0,0
2400-XIWIO,0.06280578353725816,Bajo,No,No,0,0
8387-UGUSU,0.17036385896195572,Bajo,No,No,0,0
3584-WKTTW,0.44187111181963934,Medio,No,No,0,0
7233-PAHHL,0.06330201485506078,Bajo,No,No,0,0
8932-CZHRQ,0.10367631537704544,Bajo,No,No,0,0
6825-UYPFK,0.5876094994874625,Medio,Yes,Yes,1,1
1272-ILHFG,0.0921878761766594,Bajo,No,No,0,0
0654-HMSHN,0.7378720644114316,Alto,Yes,Yes,1,1
4592-IWTJI,0.5826156589074772,Medio,Yes,Yes,1,1
7781-HVGMK,0.06413930726817445,Bajo,No,No,0,0
9371-BITHB,0.02749870214891997,Bajo,No,No,0,0
9614-RMGHA,0.4817278615749018,Medio,Yes,No,1,0
4833-QTJNO,0.3234534245898611,Bajo,No,No,0,0
6500-JVEGC,0.2148251804039148,Bajo,No,No,0,0
6693-DJWTY,0.0976834591417312,Bajo,No,No,0,0
8033-VCZGH,0.5362667644026633,Medio,No,No,0,0
8818-DOPVL,0.7509882785194638,Alto,No,Yes,0,1
7054-LGEQW,0.5987682100223701,Medio,Yes,Yes,1,1
2737-YNGYW,0.8701710719777241,Alto,Yes,Yes,1,1
9385-NXKDA,0.08093672069958412,Bajo,No,No,0,0
3258-ZKPAI,0.11704571442754112,Bajo,No,No,0,0
2074-GKOWZ,0.8768777878138069,Alto,Yes,Yes,1,1
4137-BTIKL,0.8029115441220884,Alto,No,Yes,0,1
7470-DYNOE,0.27915793937716205,Bajo,No,No,0,0
3118-UHVVQ,0.02934672933559871,Bajo,No,No,0,0
2558-BUOZZ,0.2747735449373928,Bajo,No,No,0,0
1334-PDUKM,0.23031724180118776,Bajo,No,No,0,0
9734-YWGEX,0.8722726373865142,Alto,Yes,Yes,1,1
6064-PUPMC,0.10069446964393709,Bajo,No,No,0,0
4896-CPRPF,0.04310466836126676,Bajo,No,No,0,0
3071-MVJCD,0.03025706963873872,Bajo,No,No,0,0
2027-OAQQC,0.5465292204987775,Medio,Yes,No,1,0
2612-RANWT,0.8934048698036494,Alto,Yes,Yes,1,1
9134-WYRVP,0.26447957972851044,Bajo,No,No,0,0
3787-TRIAL,0.5590973909360281,Medio,No,Yes,0,1
8540-ZQGEA,0.031768830007447346,Bajo,No,No,0,0
4403-BWPAY,0.16974933371112408,Bajo,No,No,0,0
7554-NEWDD,0.1413136054649118,Bajo,No,No,0,0
0406-BPDVR,0.5257968968325011,Medio,Yes,No,1,0
0708-LGSMF,0.5799917144418092,Medio,No,Yes,0,1
3441-CGZJH,0.20541773634513413,Bajo,No,No,0,0
7547-EKNFS,0.5818894858378469,Medio,Yes,Yes,1,1
2187-PKZAY,0.8338304419952425,Alto,No,Yes,0,1
8513-OLYGY,0.10341933043454252,Bajo,No,No,0,0
3269-ATYWD,0.7415060714477284,Alto,Yes,Yes,1,1
9073-ZZIAY,0.055737103959537085,Bajo,No,No,0,0
0929-PECLO,0.6052809286461147,Medio,No,Yes,0,1
4283-IVYCI,0.4684298897418544,Medio,No,No,0,0
0356-ERHVT,0.6231023443608172,Medio,No,Yes,0,1
9985-MWVIX,0.8168864406960227,Alto,Yes,Yes,1,1
5296-PSYVW,0.03783846429862595,Bajo,No,No,0,0
4884-LEVMQ,0.04800511210764133,Bajo,No,No,0,0
6215-NQCPY,0.7980359768148826,Alto,No,Yes,0,1
0354-WYROK,0.7114636289961946,Alto,Yes,Yes,1,1
6752-APNJL,0.151194993315523,Bajo,No,No,0,0
7730-IUTDZ,0.5003198933183695,Medio,Yes,No,1,0
1304-SEGFY,0.3331752838281068,Medio,No,No,0,0
6040-CGACY,0.19134309178943065,Bajo,No,No,0,0
1159-WFSGR,0.22969306685115143,Bajo,No,No,0,0
3373-DIUUN,0.036681758097579654,Bajo,No,No,0,0
6993-OHLXR,0.8515420251072909,Alto,Yes,Yes,1,1
4908-XAXAY,0.45033943004376553,Medio,No,No,0,0
9362-MWODR,0.21796450047632787,Bajo,No,No,0,0
9534-NSXEM,0.11604753358235394,Bajo,No,No,0,0
9489-DEDVP,0.056593195483727377,Bajo,No,No,0,0
3550-SAHFP,0.7384814045067069,Alto,Yes,Yes,1,1
4006-HKYHO,0.058678642456307856,Bajo,No,No,0,0
8468-EHYJA,0.6361254609575983,Medio,No,Yes,0,1
3148-BLQJT,0.37678609295361726,Medio,Yes,No,1,0
4741-WWJQZ,0.7656862892478933,Alto,No,Yes,0,1
7609-NRNCA,0.10165457345889331,Bajo,No,No,0,0
4115-BNPJY,0.10423111999999882,Bajo,No,No,0,0
8100-PNJMH,0.05547065484264086,Bajo,No,No,0,0
7284-BUYEC,0.8113486330386055,Alto,No,Yes,0,1
9938-PRCVK,0.03160123619497715,Bajo,No,No,0,0
4854-CIDCF,0.8618484289348148,Alto,No,Yes,0,1
7931-PXHFC,0.18191460047854122,Bajo,Yes,No,1,0
7925-PNRGI,0.1416273609866341,Bajo,No,No,0,0
0506-LVNGN,0.8487530226140428,Alto,Yes,Yes,1,1
2235-EZAIK,0.034698243331060426,Bajo,No,No,0,0
4104-PVRPS,0.19384871787481656,Bajo,No,No,0,0
3766-EJLFL,0.14524151640057492,Bajo,No,No,0,0
1452-KIOVK,0.6533782993734786,Medio,No,Yes,0,1
4322-RCYMT,0.11271796215705135,Bajo,Yes,No,1,0
1506-YJTYT,0.045881546802161444,Bajo,No,No,0,0
4710-NKCAW,0.40876458194516807,Medio,No,No,0,0
9061-TIHDA,0.8757504692410134,Alto,Yes,Yes,1,1
3186-AJIEK,0.14505476345152074,Bajo,No,No,0,0
3746-EUBYR,0.8515412303648137,Alto,Yes,Yes,1,1
3570-YUEKJ,0.3557070435737911,Medio,No,No,0,0
3764-MNMOI,0.03309375018535879,Bajo,No,No,0,0
2263-SFSQZ,0.04415934694860696,Bajo,No,No,0,0
2108-XWMPY,0.6322933128071394,Medio,Yes,Yes,1,1
6376-GAHQE,0.8606730459123163,Alto,Yes,Yes,1,1
9961-JBNMK,0.7820447566375351,Alto,Yes,Yes,1,1
8091-TTVAX,0.4256576543860823,Medio,No,No,0,0
5520-FVEWJ,0.8323989224221562,Alto,Yes,Yes,1,1
4163-KIUHY,0.2761006745847193,Bajo,No,No,0,0
8679-JOEVF,0.4898685227448571,Medio,Yes,No,1,0
3751-KTZEL,0.7474212783138017,Alto,Yes,Yes,1,1
6029-CSMJE,0.516756139554947,Medio,No,No,0,0
0533-UCAAU,0.24058651207548495,Bajo,No,No,0,0
9786-IJYDL,0.22903412773287152,Bajo,No,No,0,0
8687-BAFGU,0.7813861063121731,Alto,No,Yes,0,1
0378-TOVMS,0.823020458499395,Alto,Yes,Yes,1,1
9507-EXLTT,0.8590671120046385,Alto,Yes,Yes,1,1
9732-KPKBW,0.5976122639878858,Medio,Yes,Yes,1,1
3422-WJOYD,0.09818100970771992,Bajo,No,No,0,0
5514-YQENT,0.21620063183087432,Bajo,No,No,0,0
0635-WKOLD,0.1436278388453509,Bajo,No,No,0,0
5522-JBWMO,0.6596347450913792,Medio,No,Yes,0,1
9995-HOTOH,0.11270206141109106,Bajo,No,No,0,0
4317-VTEOA,0.7142712429950419,Alto,Yes,Yes,1,1
9644-UMGQA,0.6204555566596781,Medio,No,Yes,0,1
1764-VUUMT,0.022754944397811058,Bajo,No,No,0,0
0795-GMVQO,0.2695920480393285,Bajo,No,No,0,0
1376-HHBDV,0.2854362817498611,Bajo,No,No,0,0
3045-XETSH,0.8898426310344358,Alto,Yes,Yes,1,1
8220-OCUFY,0.20221611650292726,Bajo,No,No,0,0
6728-CZFEI,0.26802687860953306,Bajo,No,No,0,0
6234-PFPXL,0.4880379581319112,Medio,No,No,0,0
8221-EQDGL,0.19388426076827864,Bajo,No,No,0,0
1221-GHZEP,0.051481958127223094,Bajo,No,No,0,0
3551-HUAZH,0.9106858455611251,Alto,Yes,Yes,1,1
1208-DNHLN,0.2617380570320108,Bajo,Yes,No,1,0
0318-ZOPWS,0.04510572958638107,Bajo,No,No,0,0
9281-CEDRU,0.04174052480807658,Bajo,No,No,0,0
2845-AFFTX,0.7939966455309717,Alto,Yes,Yes,1,1
4445-KWOKW,0.14598291100098967,Bajo,No,No,0,0
1685-BQULA,0.5956651518243533,Medio,No,Yes,0,1
4570-QHXHL,0.7093235744505589,Alto,No,Yes,0,1
7054-ENNGU,0.5180606041090762,Medio,No,No,0,0
8184-WMOFI,0.07114236002493039,Bajo,No,No,0,0
9488-FVZCC,0.040619971900550125,Bajo,No,No,0,0
9685-WKZGT,0.7984695926697924,Alto,Yes,Yes,1,1
5590-YRFJT,0.5949241924553715,Medio,Yes,Yes,1,1
8637-XJIVR,0.823097825666397,Alto,Yes,Yes,1,1
7622-NXQZR,0.3922724151945029,Medio,No,No,0,0
3016-KSVCP,0.45175662171692343,Medio,No,No,0,0
2560-QTSBS,0.06067535431046737,Bajo,No,No,0,0
8205-OTCHB,0.37617449230981,Medio,Yes,No,1,0
5692-ICXLW,0.7541175651070775,Alto,No,Yes,0,1
2054-PJOCK,0.16728594248074957,Bajo,No,No,0,0
9412-ARGBX,0.14190526624946664,Bajo,Yes,No,1,0
7551-JOHTI,0.3765360484304837,Medio,Yes,No,1,0
8903-XEBGX,0.7717319460525632,Alto,No,Yes,0,1
8481-YYXWG,0.8338165719696555,Alto,Yes,Yes,1,1
0052-DCKON,0.2061929146792684,Bajo,No,No,0,0
8590-YFFQO,0.023366322902855074,Bajo,No,No,0,0
9950-MTGYX,0.05238067885317418,Bajo,No,No,0,0
3113-IWHLC,0.5738354016790524,Medio,No,Yes,0,1
0953-LGOVU,0.48104744282947864,Medio,No,No,0,0
3729-OWRVL,0.2686454296196463,Bajo,No,No,0,0
7926-IJOOU,0.390461298401503,Medio,No,No,0,0
7140-ADSMJ,0.42260542665862794,Medio,No,No,0,0
3882-IYOIJ,0.11856983377243907,Bajo,No,No,0,0
6967-PEJLL,0.1918501401509034,Bajo,No,No,0,0
7493-GVFIO,0.030395507845755915,Bajo,No,No,0,0
2831-EBWRN,0.7305276200171212,Alto,No,Yes,0,1
5056-FIMPT,0.2685394588823558,Bajo,No,No,0,0
8512-WIWYV,0.08199132130244305,Bajo,No,No,0,0
7952-OBOYL,0.8039342622783461,Alto,No,Yes,0,1
8073-IJDCM,0.4416637648657214,Medio,Yes,No,1,0
7795-CFOCW,0.11332655799501397,Bajo,No,No,0,0
7047-FWEYA,0.47783482459284604,Medio,No,No,0,0
1248-DYXUB,0.03349214971526988,Bajo,No,No,0,0
1866-NXPSP,0.1255384363031105,Bajo,No,No,0,0
7029-IJEJK,0.13612476500577733,Bajo,No,No,0,0
8183-ONMXC,0.870434769598716,Alto,Yes,Yes,1,1
2436-QBZFP,0.5160430675920715,Medio,No,No,0,0
3956-CJUST,0.5797134859898386,Medio,No,Yes,0,1
9495-SKLKD,0.5409792408869314,Medio,No,No,0,0
9667-TKTVZ,0.6249962328774403,Medio,No,Yes,0,1
5575-TPIZQ,0.5136127750575257,Medio,No,No,0,0
6177-PEVRA,0.04524935141098219,Bajo,No,No,0,0
8621-MNIHH,0.7503865275695969,Alto,Yes,Yes,1,1
5047-LHVLY,0.6892431219230213,Alto,Yes,Yes,1,1
6873-UDNLD,0.3367383843079424,Medio,No,No,0,0
9242-TKFSV,0.0641995975050239,Bajo,No,No,0,0
3606-SBKRY,0.5138674355047355,Medio,No,No,0,0
9068-VPWQQ,0.05153445827253194,Bajo,No,No,0,0
4716-HHKQH,0.7375138267966235,Alto,No,Yes,0,1
3186-BAXNB,0.8031601891036574,Alto,Yes,Yes,1,1
8510-BBWMU,0.0847817784038802,Bajo,No,No,0,0
7402-PWYJJ,0.4456643453649228,Medio,No,No,0,0
6818-DJXAA,0.8201755296839195,Alto,No,Yes,0,1
1708-PBBOA,0.2205033857330756,Bajo,No,No,0,0
0379-DJQHR,0.05130556337583069,Bajo,No,No,0,0
5334-AFQJB,0.04471852287594451,Bajo,No,No,0,0
5619-XZZKR,0.22041648126329813,Bajo,No,No,0,0
9114-AAFQH,0.24287931399001753,Bajo,No,No,0,0
7718-RXDGG,0.6717769264228606,Alto,No,Yes,0,1
9763-PDTKK,0.7609562258924866,Alto,Yes,Yes,1,1
4695-WJZUE,0.9331845863555414,Alto,Yes,Yes,1,1
7446-SFAOA,0.09452855857470469,Bajo,No,No,0,0
9507-HSMMZ,0.030393545666740542,Bajo,No,No,0,0
1265-HVPZB,0.09895370281346703,Bajo,No,No,0,0
9522-BNTHX,0.6869750711742256,Alto,No,Yes,0,1
5149-CUZUJ,0.28898825382973486,Bajo,No,No,0,0
5054-IEXZT,0.8342111789057246,Alto,Yes,Yes,1,1
8652-YHIYU,0.43193031929196923,Medio,No,No,0,0
5380-XPJNZ,0.07004428720144802,Bajo,No,No,0,0
9003-CPATH,0.5766703529226449,Medio,No,Yes,0,1
4737-AQCPU,0.024035751127480125,Bajo,No,No,0,0
5091-HFAZW,0.842358078477238,Alto,No,Yes,0,1
9558-IHEZX,0.18572929050861176,Bajo,No,No,0,0
9101-BWFSS,0.34047359845157615,Medio,Yes,No,1,0
3097-NQYSN,0.897370153779845,Alto,Yes,Yes,1,1
0042-JVWOJ,0.11614922603842631,Bajo,No,No,0,0
2398-YPMUR,0.7637918071496331,Alto,Yes,Yes,1,1
8854-CCVSQ,0.7147524272681605,Alto,Yes,Yes,1,1
0958-YHXGP,0.8196823577052625,Alto,No,Yes,0,1
2284-VFLKH,0.4033024912414225,Medio,No,No,0,0
4231-LZUYM,0.02724379774412994,Bajo,No,No,0,0
5993-BQHEA,0.20396287985606035,Bajo,No,No,0,0
7927-AUXBZ,0.5613012803152881,Medio,Yes,Yes,1,1
5220-AGAAX,0.03376904295404909,Bajo,No,No,0,0
8619-IJNDK,0.020245796081661275,Bajo,No,No,0,0
1814-WFGVS,0.04228391659623837,Bajo,No,No,0,0
2307-FYNNL,0.26931023793857695,Bajo,No,No,0,0
4824-GUCBY,0.5641620681787323,Medio,No,Yes,0,1
0254-KCJGT,0.12795501168062995,Bajo,No,No,0,0
9470-XCCEM,0.5815284545422346,Medio,No,Yes,0,1
2181-TIDSV,0.027970658973085826,Bajo,No,No,0,0
8672-OAUPW,0.09214637520419201,Bajo,No,No,0,0
5334-JLAXU,0.4382811902297268,Medio,No,No,0,0
1820-TQVEV,0.8846813243063564,Alto,Yes,Yes,1,1
4213-HKBJO,0.05130550829559312,Bajo,No,No,0,0
3870-SPZSI,0.12255604557505746,Bajo,No,No,0,0
5227-JSCFE,0.043290111525805246,Bajo,No,No,0,0
0282-NVSJS,0.6370190007028649,Medio,No,Yes,0,1
2466-FCCPT,0.08898723381569572,Bajo,No,No,0,0
3420-ZDBMA,0.8365541515854092,Alto,No,Yes,0,1
5197-LQXXH,0.08058969444973733,Bajo,No,No,0,0
9754-CLVZW,0.21656487390151277,Bajo,No,No,0,0
3308-JSGML,0.13007673046515697,Bajo,No,No,0,0
6769-DYBQN,0.5447552223523875,Medio,Yes,No,1,0
5117-IFGPS,0.7922341179880275,Alto,No,Yes,0,1
4629-NRXKX,0.8105199759693866,Alto,Yes,Yes,1,1
6653-CBBOM,0.868552939536693,Alto,Yes,Yes,1,1
8208-EUMTE,0.10830409965914259,Bajo,No,No,0,0
1004-NOZNR,0.332675351843282,Medio,No,No,0,0
7109-MFBYV,0.4046909308476856,Medio,No,No,0,0
6734-JDTTV,0.029644482490158146,Bajo,No,No,0,0
6839-ITVZJ,0.3651335792634179,Medio,Yes,No,1,0
0750-EKNGL,0.34985273990503046,Medio,No,No,0,0
9137-NOQKA,0.5230630962181176,Medio,No,No,0,0
1494-EJZDW,0.0985629239919485,Bajo,No,No,0,0
2519-FAKOD,0.679179414017323,Alto,Yes,Yes,1,1
2462-XIIJB,0.9102387679211055,Alto,Yes,Yes,1,1
3420-YJLQT,0.8405124778826504,Alto,No,Yes,0,1
5846-QFDFI,0.38356193925223686,Medio,No,No,0,0
2088-IEBAU,0.08628219847996345,Bajo,No,No,0,0
0640-YJTPY,0.019895985250271905,Bajo,No,No,0,0
0739-UUAJR,0.10347670006811939,Bajo,No,No,0,0
2325-ZUSFD,0.16701449764207096,Bajo,Yes,No,1,0
1245-HARPS,0.055915351214230365,Bajo,No,No,0,0
0895-UADGO,0.27263460866189615,Bajo,No,No,0,0
8053-WWDRO,0.36291954894873996,Medio,Yes,No,1,0
2885-HIJDH,0.04852376555318628,Bajo,No,No,0,0
0114-PEGZZ,0.7118039625210748,Alto,No,Yes,0,1
5546-QUERU,0.1376961352571536,Bajo,No,No,0,0
5995-OIGLP,0.3796069604290664,Medio,Yes,No,1,0
5605-IYGFG,0.8277619347106813,Alto,No,Yes,0,1
6082-GLJIX,0.18255755344083052,Bajo,No,No,0,0
4647-MUZON,0.7512658079123092,Alto,No,Yes,0,1
4884-ZTHVF,0.8894238979362691,Alto,No,Yes,0,1
7831-QGOXH,0.7910028215691042,Alto,Yes,Yes,1,1
3716-BDVDB,0.8845998119254445,Alto,Yes,Yes,1,1
8444-WRIDW,0.47555228030977936,Medio,Yes,No,1,0
0248-IPDFW,0.7809050469286554,Alto,No,Yes,0,1
0533-BNWKF,0.6155257859880955,Medio,Yes,Yes,1,1
5707-ORNDZ,0.6767030331654855,Alto,Yes,Yes,1,1
8178-EYZUO,0.5698656727559919,Medio,Yes,Yes,1,1
9483-GCPWE,0.18399359862380665,Bajo,No,No,0,0
4884-TVUQF,0.15885800091719463,Bajo,No,No,0,0
8779-QRDMV,0.8810278820705183,Alto,Yes,Yes,1,1
8961-QDZZJ,0.4528743347852966,Medio,No,No,0,0
5680-LQOGP,0.05291950315175222,Bajo,No,No,0,0
6543-JXSOO,0.10647068600607629,Bajo,No,No,0,0
1240-KNSEZ,0.44157622624444837,Medio,Yes,No,1,0
4803-LBYPN,0.12453883230937852,Bajo,No,No,0,0
1399-OUPJN,0.02633083692526571,Bajo,No,No,0,0
9313-QOLTZ,0.16073156671405922,Bajo,No,No,0,0
9048-JVYVF,0.7774831819433067,Alto,Yes,Yes,1,1
5249-QYHEX,0.04783274697774237,Bajo,No,No,0,0
2833-SLKDQ,0.5983843648029994,Medio,Yes,Yes,1,1
2252-NKNSI,0.07263176927085298,Bajo,No,No,0,0
3945-GFWQL,0.6698300324591876,Alto,Yes,Yes,1,1
1370-GGAWX,0.5106499351856103,Medio,No,No,0,0
9360-OMDZZ,0.8169256290867551,Alto,No,Yes,0,1
2580-ASVVY,0.11595110747696873,Bajo,No,No,0,0
0679-IDSTG,0.8926436701845399,Alto,Yes,Yes,1,1
1658-XUHBX,0.5906563655999401,Medio,No,Yes,0,1
1396-QWFBJ,0.5412104422839207,Medio,Yes,No,1,0
2200-DSAAL,0.15981767563862384,Bajo,No,No,0,0
4021-RQSNY,0.8344109345639092,Alto,Yes,Yes,1,1
5174-RNGBH,0.5027754119813833,Medio,Yes,No,1,0
1571-SAVHK,0.8447473778130921,Alto,Yes,Yes,1,1
5543-QDCRY,0.7806473711410409,Alto,No,Yes,0,1
6377-WHAOX,0.6632079154146483,Alto,No,Yes,0,1
8741-LQOBK,0.20776195194482014,Bajo,No,No,0,0
2460-FPSYH,0.5766363017322929,Medio,Yes,Yes,1,1
6198-PNNSZ,0.3210589242200903,Bajo,No,No,0,0
3070-BDOQC,0.3154639168725456,Bajo,No,No,0,0
8548-AWOFC,0.27687226014164756,Bajo,No,No,0,0
2898-MRKPI,0.3629862813397799,Medio,No,No,0,0
8639-NHQEI,0.12354429119967823,Bajo,No,No,0,0
5271-DBYSJ,0.8660422422058054,Alto,No,Yes,0,1
3524-WQDSG,0.6514493137395984,Medio,No,Yes,0,1
7108-DGVUU,0.3223631119738618,Bajo,No,No,0,0
0212-ISBBF,0.6848326872633382,Alto,No,Yes,0,1
5186-SAMNZ,0.8727918794219724,Alto,Yes,Yes,1,1
4616-EWBNJ,0.1086574143088911,Bajo,No,No,0,0
0137-UDEUO,0.36738121698218723,Medio,Yes,No,1,0
5469-NUJUR,0.06663659990558832,Bajo,No,No,0,0
0327-WFZSY,0.5496815811510573,Medio,No,No,0,0
7969-FFOWG,0.021520445630557147,Bajo,No,No,0,0
9938-TKDGL,0.16186634276112719,Bajo,No,No,0,0
6569-KTMDU,0.37636938860042074,Medio,No,No,0,0
2924-KHUVI,0.4986558450492236,Medio,No,No,0,0
7771-CFQRQ,0.05143681981845203,Bajo,No,No,0,0
4703-MQYKT,0.04990549017607352,Bajo,No,No,0,0
4568-TTZRT,0.3408899851860455,Medio,No,No,0,0
6475-VHUIZ,0.34123399289050926,Medio,No,No,0,0
3679-XASPY,0.4365780685063807,Medio,No,No,0,0
5223-UZAVK,0.29536877738835804,Bajo,No,No,0,0
2842-BCQGE,0.5496829700624024,Medio,No,No,0,0
3914-FDRHP,0.7975566046537497,Alto,No,Yes,0,1
0513-RBGPE,0.0648601889032215,Bajo,No,No,0,0
5133-POWUA,0.6611702797048522,Alto,No,Yes,0,1
2465-BLLEU,0.4414230423976,Medio,No,No,0,0
1894-IGFSG,0.7445410875126854,Alto,Yes,Yes,1,1
9643-AVVWI,0.7703013723148627,Alto,No,Yes,0,1
5642-MHDQT,0.07111675627030732,Bajo,No,No,0,0
2239-CGBUZ,0.08296864423810972,Bajo,No,No,0,0
3173-WSSUE,0.02033562435841358,Bajo,No,No,0,0
6198-ZFIOJ,0.8507966256416439,Alto,No,Yes,0,1
6663-JOCQO,0.14882053550878144,Bajo,No,No,0,0
1480-BKXGA,0.1581547596175753,Bajo,No,No,0,0
4183-WCSEP,0.5201255557991105,Medio,Yes,No,1,0
7028-DVOIQ,0.8187535595551562,Alto,Yes,Yes,1,1
5039-LZRQT,0.10876899485335348,Bajo,No,No,0,0
1430-SFQSA,0.13948493713089063,Bajo,No,No,0,0
6137-NICCO,0.8332786352670319,Alto,No,Yes,0,1
3716-LRGXK,0.26139776369650203,Bajo,No,No,0,0
5965-GGPRW,0.14531485898189023,Bajo,No,No,0,0
5766-ZJYBB,0.37649438073218877,Medio,Yes,No,1,0
6655-LHBYW,0.27814568306081383,Bajo,No,No,0,0
0285-INHLN,0.25207318829588377,Bajo,No,No,0,0
0727-IWKVK,0.8294436039296317,Alto,Yes,Yes,1,1
7989-CHGTL,0.4413573955886496,Medio,Yes,No,1,0
5895-QSXOD,0.7410948731279546,Alto,No,Yes,0,1
4716-MRVEN,0.08202959886821155,Bajo,No,No,0,0
4188-FRABG,0.44430174518200116,Medio,No,No,0,0
8071-SBTRN,0.1780485695209098,Bajo,No,No,0,0
8040-MNRTF,0.7735795955292214,Alto,No,Yes,0,1
9114-VEPUF,0.30609050720985786,Bajo,No,No,0,0
1447-PJGGA,0.3650262022150533,Medio,Yes,No,1,0
6035-RIIOM,0.31144720324636127,Bajo,No,No,0,0
0475-RIJEP,0.5928350003033479,Medio,Yes,Yes,1,1
3387-VATUS,0.904685635881073,Alto,Yes,Yes,1,1
5073-WXOYN,0.5309882804512834,Medio,Yes,No,1,0
2887-JPYLU,0.2399862258895971,Bajo,No,No,0,0
1389-WNUIB,0.26555996377366964,Bajo,No,No,0,0
3284-SVCRO,0.03813688761921158,Bajo,No,No,0,0
4184-VODJZ,0.4093228214728046,Medio,No,No,0,0
4576-CSAJH,0.17093881126425547,Bajo,Yes,No,1,0
6522-OIQSX,0.12775435966200552,Bajo,No,No,0,0
8317-BVKSO,0.31845256840772695,Bajo,No,No,0,0
9498-FIMXL,0.2545014617254444,Bajo,No,No,0,0
1627-AFWVJ,0.04300317736832374,Bajo,No,No,0,0
9625-QSTYE,0.7013977717244305,Alto,Yes,Yes,1,1
5702-SKUOB,0.3590290582006819,Medio,No,No,0,0
5175-AOBHI,0.6468695986615439,Medio,Yes,Yes,1,1
2333-KWEWW,0.055690640417610494,Bajo,No,No,0,0
2480-SQIOB,0.6423107281903147,Medio,No,Yes,0,1
1240-HCBOH,0.03735611812740249,Bajo,No,No,0,0
2729-VNVAP,0.03682593360310281,Bajo,No,No,0,0
5419-KLXBN,0.5914359345609983,Medio,Yes,Yes,1,1
7508-MYBOG,0.8027489667704569,Alto,Yes,Yes,1,1
0301-KOBTQ,0.0554728799039099,Bajo,No,No,0,0
6627-CFOSN,0.4530071393172734,Medio,No,No,0,0
4682-BLBUC,0.19018425148719237,Bajo,No,No,0,0
2703-AMTUL,0.08978257644551182,Bajo,No,No,0,0
5183-KLYEM,0.1329619642182736,Bajo,No,No,0,0
3055-MJDSB,0.7085701594277632,Alto,No,Yes,0,1
5136-GFPMB,0.5323362300869621,Medio,No,No,0,0
8608-OZTLB,0.11514453073322409,Bajo,No,No,0,0
2150-UWTFY,0.21692445214677875,Bajo,Yes,No,1,0
1561-BWHIN,0.08613008825200054,Bajo,No,No,0,0
0883-EIBTI,0.3720264994448233,Medio,Yes,No,1,0
6418-PIQSP,0.05023108709738655,Bajo,No,No,0,0
2235-DWLJU,0.8945326285800442,Alto,No,Yes,0,1
9943-VSZUV,0.4938251088290884,Medio,No,No,0,0
5088-QZLRL,0.4726095923532072,Medio,No,No,0,0
2607-FBDFF,0.5280761190013411,Medio,No,No,0,0
6388-TABGU,0.06568584638674979,Bajo,No,No,0,0
2144-BFDSO,0.5492652606406278,Medio,No,No,0,0
4121-AGSIN,0.0780530324888916,Bajo,No,No,0,0
6994-KERXL,0.7864007578184716,Alto,No,Yes,0,1
5906-BFOZT,0.4413136321880445,Medio,No,No,0,0
4201-JMNGR,0.7309631077505218,Alto,Yes,Yes,1,1
5144-PQCDZ,0.42730370548109103,Medio,No,No,0,0
8457-XIGKN,0.22987247557988932,Bajo,No,No,0,0
4130-MZLCC,0.5566570205910026,Medio,No,Yes,0,1
3638-WEABW,0.06275465513811232,Bajo,No,No,0,0
4232-JGKIY,0.47196814203126025,Medio,No,No,0,0
4482-EWFMI,0.8824013700660434,Alto,No,Yes,0,1
3094-JOJAI,0.5991258380359463,Medio,No,Yes,0,1
9906-NHHVC,0.18635386540261423,Bajo,No,No,0,0
0511-JTEOY,0.7735795955292214,Alto,Yes,Yes,1,1
6393-WRYZE,0.7803330556759163,Alto,Yes,Yes,1,1
1810-MVMAI,0.23138645338164165,Bajo,No,No,0,0
9822-WMWVG,0.5071632773371799,Medio,No,No,0,0
6952-OMNWB,0.5032020085232498,Medio,No,No,0,0
1247-QBVSH,0.19477610169679893,Bajo,No,No,0,0
3813-DHBBB,0.06219535380186556,Bajo,No,No,0,0
0839-JTCUD,0.04487432833685257,Bajo,No,No,0,0
1020-JPQOW,0.4029869032603982,Medio,No,No,0,0
0078-XZMHT,0.07806935115065246,Bajo,No,No,0,0
6980-CDGFC,0.062211471417939666,Bajo,No,No,0,0
2404-JIBFC,0.08382266149094073,Bajo,No,No,0,0
3351-NGXYI,0.5490090338534606,Medio,No,No,0,0
6646-VRFOL,0.7432225752337217,Alto,Yes,Yes,1,1
0016-QLJIS,0.05575584746454478,Bajo,No,No,0,0
9741-YLNTD,0.8333680004577266,Alto,No,Yes,0,1
2830-LEWOA,0.22869009315743283,Bajo,No,No,0,0
1724-IQWNM,0.41000151947335306,Medio,No,No,0,0
3552-CTCYF,0.24512381246833848,Bajo,No,No,0,0
3985-HOYPM,0.08650602761021779,Bajo,No,No,0,0
0970-QXPXW,0.37659855340205683,Medio,No,No,0,0
9261-WDCAF,0.6593910555590417,Medio,No,Yes,0,1
0181-RITDD,0.08968046360255783,Bajo,No,No,0,0
0772-GYEQQ,0.8032991440998001,Alto,Yes,Yes,1,1
9919-FZDED,0.099245568929918,Bajo,No,No,0,0
9588-OZDMQ,0.7355298693740917,Alto,No,Yes,0,1
2432-TFSMK,0.6100008295715306,Medio,No,Yes,0,1
7938-OUHIO,0.8915400076946225,Alto,Yes,Yes,1,1
7544-ZVIKX,0.37293477131306557,Medio,No,No,0,0
2876-GZYZC,0.8134710732360761,Alto,No,Yes,0,1
9837-FWLCH,0.4496474795774402,Medio,No,No,0,0
2203-GHNWN,0.6356092671506552,Medio,No,Yes,0,1
6650-BWFRT,0.1304596371502638,Bajo,No,No,0,0
5696-JVVQY,0.06831071537796043,Bajo,No,No,0,0
3978-YNKDD,0.048374189144818315,Bajo,No,No,0,0
8775-LHDJH,0.919552969138535,Alto,Yes,Yes,1,1
1397-XKKWR,0.41623471891949826,Medio,No,No,0,0
2868-SNELZ,0.8097821532891211,Alto,Yes,Yes,1,1
3740-RLMVT,0.0749739453018447,Bajo,No,No,0,0
1285-OKIPP,0.8728655150770968,Alto,Yes,Yes,1,1
4847-QNOKA,0.6734026787350436,Alto,Yes,Yes,1,1
9282-IZGQK,0.9173042364247922,Alto,Yes,Yes,1,1
1257-SXUXQ,0.3261787266448275,Bajo,No,No,0,0
3585-ISXZP,0.8715378880891317,Alto,Yes,Yes,1,1
2468-SJFLM,0.7595428712740461,Alto,No,Yes,0,1
0623-IIHUG,0.6342258542466457,Medio,Yes,Yes,1,1
9200-NLNPD,0.2622224609267634,Bajo,No,No,0,0
4094-NSEDU,0.8568673162159257,Alto,Yes,Yes,1,1
5385-SUIRI,0.7119564455556299,Alto,Yes,Yes,1,1
5644-PDMZC,0.8997051615730013,Alto,Yes,Yes,1,1
6075-SLNIL,0.6148365686736321,Medio,No,Yes,0,1
0564-JJHGS,0.9240393016856324,Alto,Yes,Yes,1,1
0257-ZESQC,0.5548789307582921,Medio,Yes,Yes,1,1
2541-YGPKE,0.09151140937412075,Bajo,No,No,0,0
0702-PGIBZ,0.912180026034654,Alto,Yes,Yes,1,1
1228-FZFRV,0.5000228958351522,Medio,Yes,No,1,0
1448-CYWKC,0.419107236182018,Medio,No,No,0,0
4189-NAKJS,0.27809980109500726,Bajo,No,No,0,0
8992-OBVDG,0.4135934016796332,Medio,No,No,0,0
6485-QXWWE,0.029572835367172666,Bajo,No,No,0,0
1400-WIVLL,0.27116067176077,Bajo,No,No,0,0
5583-SXDAG,0.8525061072341069,Alto,Yes,Yes,1,1
0031-PVLZI,0.3307311183547236,Medio,Yes,No,1,0
2208-NKVVH,0.034948311777804573,Bajo,No,No,0,0
2632-UCGVD,0.55123510101066,Medio,Yes,Yes,1,1
9897-KXHCM,0.8814173241929258,Alto,Yes,Yes,1,1
3347-YJZZE,0.3948904982306656,Medio,No,No,0,0
3677-IYRBF,0.8421302836088469,Alto,Yes,Yes,1,1
1545-ACTAS,0.3523093247248563,Medio,No,No,0,0
6833-JMZYP,0.7652729110034131,Alto,No,Yes,0,1
2960-NKRSO,0.5647205475585678,Medio,No,Yes,0,1
7128-GGCNO,0.46620067223752854,Medio,No,No,0,0
6994-ORCWG,0.2850232332286981,Bajo,No,No,0,0
5271-YNWVR,0.1683351873262238,Bajo,Yes,No,1,0
0570-BFQHT,0.7915485515289913,Alto,No,Yes,0,1
9300-RENDD,0.8965978823487747,Alto,Yes,Yes,1,1
5130-YPIRV,0.06363128848193948,Bajo,No,No,0,0
3211-AAPKX,0.6992686884786621,Alto,No,Yes,0,1
1697-NVVGY,0.40227293762538424,Medio,No,No,0,0
8383-SGHJU,0.15268403964108365,Bajo,No,No,0,0
7131-ZQZNK,0.07350043667082096,Bajo,No,No,0,0
7407-SUJIZ,0.16305162499924514,Bajo,No,No,0,0
6688-UZPWD,0.9081313768277411,Alto,Yes,Yes,1,1
6108-OQZDQ,0.9102573945185927,Alto,Yes,Yes,1,1
9087-EYCPR,0.03296450411342446,Bajo,No,No,0,0
1785-BPHTP,0.6289520429004682,Medio,No,Yes,0,1
8401-EMUWF,0.2798641441439859,Bajo,No,No,0,0
9605-WGJVW,0.8920973094369209,Alto,No,Yes,0,1
8246-SHFGA,0.1946371235165458,Bajo,No,No,0,0
5445-UTODQ,0.8820623806203387,Alto,Yes,Yes,1,1
2262-SLNVK,0.8347157663857622,Alto,No,Yes,0,1
9505-SQFSW,0.6808322079854252,Alto,No,Yes,0,1
5712-VBOXD,0.44181484438922325,Medio,No,No,0,0
3566-CAAYU,0.08657606146207725,Bajo,No,No,0,0
7379-FNIUJ,0.847062240874125,Alto,No,Yes,0,1
9076-AXYIK,0.2840491609643724,Bajo,No,No,0,0
9851-QXEEQ,0.7295786793935004,Alto,Yes,Yes,1,1
4785-QRJHC,0.2905407584910498,Bajo,Yes,No,1,0
3132-TVFDZ,0.6338530480107074,Medio,Yes,Yes,1,1
2380-DAMQP,0.13846286363705418,Bajo,No,No,0,0
6227-HWPWX,0.5845108221516767,Medio,Yes,Yes,1,1
7190-XHTWJ,0.06977294840958105,Bajo,No,No,0,0
1508-DFXCU,0.8724397732389174,Alto,No,Yes,0,1
5804-JMYIO,0.031070697915884692,Bajo,No,No,0,0
4719-UMSIY,0.32543100551492193,Bajo,No,No,0,0
3685-YLCMQ,0.487652968652401,Medio,Yes,No,1,0
3798-EPWRR,0.7296021960566361,Alto,No,Yes,0,1
0697-ZMSWS,0.912041613712659,Alto,Yes,Yes,1,1
2657-ALMWY,0.6852716853007143,Alto,Yes,Yes,1,1
3370-GQEAL,0.6593580088503745,Medio,No,Yes,0,1
7590-VHVEG,0.7820811326837274,Alto,No,Yes,0,1
8048-DSDFQ,0.37682777342469165,Medio,No,No,0,0
2599-CZABP,0.2956943120610314,Bajo,No,No,0,0
4657-FWVFY,0.5611865491005205,Medio,No,Yes,0,1
6253-WRFHY,0.46363960770410434,Medio,No,No,0,0
6579-JPICP,0.37691113983391006,Medio,No,No,0,0
9430-NKQLY,0.03139490604961413,Bajo,No,No,0,0
1976-AZZPJ,0.543582302359981,Medio,No,No,0,0
9940-RHLFB,0.8392254000372993,Alto,Yes,Yes,1,1
0365-TRTPY,0.4020117201765685,Medio,No,No,0,0
0206-OYVOC,0.03533057631700337,Bajo,No,No,0,0
8393-JMVMB,0.37651521435301616,Medio,No,No,0,0
4987-GQWPO,0.464891359263221,Medio,No,No,0,0
2294-SALNE,0.2506785815966579,Bajo,No,No,0,0
0136-IFMYD,0.2823776324369218,Bajo,No,No,0,0
9689-PTNPG,0.8945810296828652,Alto,Yes,Yes,1,1
1767-CJKBA,0.029367397507131052,Bajo,No,No,0,0
7173-TETGO,0.12448608984116898,Bajo,No,No,0,0
3229-USWAR,0.19239141673890203,Bajo,No,No,0,0
8337-MSSXB,0.7504647608333449,Alto,Yes,Yes,1,1
6522-YRBXD,0.6738569523450948,Alto,No,Yes,0,1
5447-VYTKW,0.1867293349531648,Bajo,No,No,0,0
6447-GORXK,0.366814215457127,Medio,No,No,0,0
4565-NLZBV,0.036162291724132364,Bajo,No,No,0,0
4836-WNFNO,0.027324657759318166,Bajo,No,No,0,0
4373-VVHQL,0.742540413111991,Alto,No,Yes,0,1
1855-CFULU,0.4160949557886991,Medio,No,No,0,0
4075-JFPGR,0.37512076331201566,Medio,No,No,0,0
5950-AAAGJ,0.6738551913097492,Alto,No,Yes,0,1
9239-ZBZZV,0.8745469563439102,Alto,Yes,Yes,1,1
1496-GGSUK,0.78097147190838,Alto,Yes,Yes,1,1
7115-IRDHS,0.027262459242582596,Bajo,No,No,0,0
4277-BWBML,0.019993338384666017,Bajo,No,No,0,0
4988-IQIGL,0.91082290307596,Alto,Yes,Yes,1,1
2359-KMGLI,0.6880168588012885,Alto,Yes,Yes,1,1
9065-ZCPQX,0.03531380302029879,Bajo,No,No,0,0
2774-LVQUS,0.7349112680386914,Alto,Yes,Yes,1,1
3537-RYBHH,0.28390446227458543,Bajo,No,No,0,0
6968-GMKPR,0.5165873660367748,Medio,No,No,0,0
2692-BUCFV,0.7208645518867576,Alto,No,Yes,0,1
3413-DHLPB,0.46258947701683006,Medio,No,No,0,0
4277-PVRAN,0.8411700781130568,Alto,Yes,Yes,1,1
6131-FOYAS,0.40280514026533387,Medio,No,No,0,0
7717-BICXI,0.023677061717942614,Bajo,No,No,0,0
5995-WWKKG,0.12927551084545022,Bajo,No,No,0,0
3640-JQGJG,0.3548711486872389,Medio,No,No,0,0
9880-TDQAC,0.11842332869041303,Bajo,No,No,0,0
8213-TAZPM,0.28320812271229395,Bajo,No,No,0,0
9154-QDGTH,0.42318045320143804,Medio,No,No,0,0
1481-ZUWZA,0.5842942661415461,Medio,Yes,Yes,1,1
9501-UKKNL,0.48657924897343324,Medio,No,No,0,0
5077-DXTCG,0.7427269995701493,Alto,Yes,Yes,1,1
8816-VXNZD,0.8908041888740476,Alto,Yes,Yes,1,1
0902-XKXPN,0.021086878720963133,Bajo,No,No,0,0
4692-NNQRU,0.40436323441178573,Medio,No,No,0,0
7919-ZODZZ,0.4519491996805441,Medio,No,No,0,0
4159-NAAIX,0.21902210112618084,Bajo,No,No,0,0
5451-MHQOF,0.07666485882835448,Bajo,No,No,0,0
4398-HSCJH,0.7604681273878878,Alto,Yes,Yes,1,1
6723-CEGQI,0.05695021144508168,Bajo,No,No,0,0
3877-JRJIP,0.8238835142145718,Alto,Yes,Yes,1,1
7890-VYYWG,0.8159830069973906,Alto,Yes,Yes,1,1
9800-OUIGR,0.02232655511884914,Bajo,No,No,0,0
4335-BSMJS,0.04354146078817113,Bajo,No,No,0,0
7139-JZFVG,0.035593529073934926,Bajo,No,No,0,0
5564-NEMQO,0.8592837729690517,Alto,Yes,Yes,1,1
0337-CNPZE,0.7294148574623284,Alto,Yes,Yes,1,1
1043-YCUTE,0.04811540377041584,Bajo,Yes,No,1,0
1942-OQFRW,0.6877107738327243,Alto,No,Yes,0,1
2896-TBNBE,0.3561962758119111,Medio,No,No,0,0
0137-OCGAB,0.826615106031068,Alto,Yes,Yes,1,1
5555-RNPGT,0.36868017610167997,Medio,No,No,0,0
8908-NMQTX,0.07372699536036942,Bajo,No,No,0,0
8999-XXGNS,0.42883495274297323,Medio,No,No,0,0
4328-VUFWD,0.19461603144728323,Bajo,No,No,0,0
7564-GHCVB,0.09056280877111772,Bajo,No,No,0,0
4003-OCTMP,0.2095179824071179,Bajo,No,No,0,0
5198-EFNBM,0.47594283670077303,Medio,No,No,0,0
2223-KAGMX,0.2002819309347033,Bajo,Yes,No,1,0
3230-IUALN,0.07199378101606713,Bajo,No,No,0,0
0032-PGELS,0.5922123757890673,Medio,Yes,Yes,1,1
7636-PEPNS,0.13245352631161814,Bajo,No,No,0,0
3500-RMZLT,0.603487588608208,Medio,Yes,Yes,1,1
9424-CMPOG,0.10024629597199802,Bajo,No,No,0,0
5834-ASPWA,0.8908646034809403,Alto,Yes,Yes,1,1
3981-QSVQI,0.4215561494953686,Medio,No,No,0,0
4827-LTQRJ,0.2721127213363363,Bajo,No,No,0,0
7526-IVLYU,0.43150466582026714,Medio,No,No,0,0
4291-YZODP,0.19033100031207734,Bajo,No,No,0,0
5414-OFQCB,0.20606838273421704,Bajo,No,No,0,0
0925-VYDLG,0.8562315216389962,Alto,Yes,Yes,1,1
5213-TWWJU,0.5866558365854272,Medio,No,Yes,0,1
8651-ENBZX,0.5327909119500314,Medio,Yes,No,1,0
3585-YNADK,0.11909273816044494,Bajo,No,No,0,0
5073-RZGBK,0.11896162037327833,Bajo,No,No,0,0
1794-SWWKL,0.38262888349807395,Medio,No,No,0,0
6250-CGGUN,0.2174669511011822,Bajo,No,No,0,0
7663-ZTEGJ,0.34197222285490575,Medio,No,No,0,0
9878-TNQGW,0.89777080707161,Alto,Yes,Yes,1,1
2180-DXNEG,0.9052167526042815,Alto,Yes,Yes,1,1
4674-HGNUA,0.04031808522727241,Bajo,No,No,0,0
5380-AFSSK,0.8993959729660532,Alto,Yes,Yes,1,1
7596-ZYWBB,0.03177429157866255,Bajo,No,No,0,0
2305-MRGLV,0.42093696864307245,Medio,No,No,0,0
2799-ARNLO,0.89644369384677,Alto,No,Yes,0,1
1752-OZXFY,0.13205840428355517,Bajo,No,No,0,0
6507-ZJSUR,0.8208607484712847,Alto,No,Yes,0,1
4826-DXMUP,0.2081525904172765,Bajo,No,No,0,0
6124-ACRHJ,0.37664022566507704,Medio,No,No,0,0
3780-YVMFA,0.7305089798206321,Alto,No,Yes,0,1
1336-EZFZY,0.3629424402047276,Medio,No,No,0,0
6848-HJTXY,0.026372065499627582,Bajo,No,No,0,0
5795-BKOYE,0.05612259065525274,Bajo,No,No,0,0
4250-WAROZ,0.5420485069392005,Medio,No,No,0,0
6906-ANDWJ,0.6574482744431339,Medio,Yes,Yes,1,1
4010-YLMVT,0.5258062540524713,Medio,No,No,0,0
9702-AIUJO,0.1589980840677949,Bajo,No,No,0,0
0780-XNZFN,0.03046938774162105,Bajo,No,No,0,0
2027-FECZV,0.9102227196855276,Alto,Yes,Yes,1,1
7422-WNBTY,0.7105596989844606,Alto,No,Yes,0,1
6614-YOLAC,0.04749160128610379,Bajo,No,No,0,0
5405-ZMYXQ,0.8338872781540935,Alto,No,Yes,0,1
8685-WHQPW,0.703842513723868,Alto,Yes,Yes,1,1
8597-CWYHH,0.4602926455532096,Medio,No,No,0,0
6147-CBCRA,0.1410654195197953,Bajo,No,No,0,0
2746-DIJLO,0.1944562395054725,Bajo,No,No,0,0
0778-NELLA,0.7713686211243537,Alto,Yes,Yes,1,1
7855-DIWPO,0.7194139273763287,Alto,No,Yes,0,1
0375-HVGXO,0.8468630718685488,Alto,Yes,Yes,1,1
7398-HPYZQ,0.04558136197915907,Bajo,No,No,0,0
2274-XUATA,0.0886516845724713,Bajo,No,No,0,0
8017-LXHFA,0.7997496746257768,Alto,Yes,Yes,1,1
5055-BRMNE,0.11629887722987274,Bajo,No,No,0,0
2889-FPWRM,0.22863409686071012,Bajo,Yes,No,1,0
5066-GFJMM,0.42820457706565407,Medio,No,No,0,0
9500-LTVBP,0.43730007678099925,Medio,No,No,0,0
6380-ARCEH,0.37682777342469165,Medio,No,No,0,0
0784-GTUUK,0.08202638434477115,Bajo,No,No,0,0
8200-LGKSR,0.07227322387389414,Bajo,No,No,0,0
5609-IMCGG,0.6232077914295783,Medio,No,Yes,0,1
7766-CLTIC,0.6082385519485385,Medio,No,Yes,0,1
3982-JGSFD,0.09785793807840937,Bajo,No,No,0,0
5515-AKOAJ,0.6473540078476138,Medio,Yes,Yes,1,1
7379-POKDZ,0.861529012670183,Alto,Yes,Yes,1,1
8008-ESFLK,0.2888823657224883,Bajo,No,No,0,0
5148-ORICT,0.042386260984687646,Bajo,No,No,0,0
4626-GYCZP,0.9269239153332441,Alto,Yes,Yes,1,1
1194-BHJYC,0.09800069697774129,Bajo,No,No,0,0
1271-UODNO,0.09374847710189953,Bajo,No,No,0,0
4933-BSAIP,0.03446810740510099,Bajo,No,No,0,0
1930-QPBVZ,0.06512392192057681,Bajo,No,No,0,0
9617-UDPEU,0.1181928315931084,Bajo,No,No,0,0
8559-CIZFV,0.13152827123484406,Bajo,Yes,No,1,0
4111-BNXIF,0.12909977457397534,Bajo,No,No,0,0
2984-RGEYA,0.021074094790485703,Bajo,No,No,0,0
2193-SFWQW,0.07680229877202593,Bajo,No,No,0,0
4826-TZEVA,0.4102355740380644,Medio,No,No,0,0
7634-WSWDB,0.7600406706340986,Alto,No,Yes,0,1
9796-MVYXX,0.1234067319009954,Bajo,No,No,0,0
3058-HJCUY,0.5168198681861961,Medio,Yes,No,1,0
3372-CDXFJ,0.12083036424464631,Bajo,No,No,0,0
6674-KVJHG,0.31022546295349884,Bajo,No,No,0,0
9831-BPFRI,0.3580596111167853,Medio,Yes,No,1,0
3085-QUOZK,0.5979150568111725,Medio,Yes,Yes,1,1
6465-GSRCL,0.29037656262082356,Bajo,No,No,0,0
5908-QMGOE,0.7348873675511446,Alto,Yes,Yes,1,1
2683-JXWQQ,0.2085610610497553,Bajo,No,No,0,0
3496-LFSZU,0.8230712610172024,Alto,No,Yes,0,1
5996-NRVXR,0.29498700519557425,Bajo,No,No,0,0
6686-YPGHK,0.4418972889077719,Medio,Yes,No,1,0
5055-MGMGF,0.596255733212065,Medio,No,Yes,0,1
1409-PHXTF,0.35555199135759324,Medio,No,No,0,0
9170-ARBTB,0.05645546680187069,Bajo,No,No,0,0
2929-ERCFZ,0.89976165795225,Alto,Yes,Yes,1,1
7873-CVMAW,0.0455004019757793,Bajo,No,No,0,0
9916-AYHTC,0.031939794837719665,Bajo,No,No,0,0
1640-PLFMP,0.8685428068992541,Alto,No,Yes,0,1
4797-AXPXK,0.5311716209798156,Medio,Yes,No,1,0
3426-NIYYL,0.512588176759501,Medio,Yes,No,1,0
4237-RLAQD,0.6611901612316825,Alto,Yes,Yes,1,1
2982-VPSGI,0.9192945895898471,Alto,Yes,Yes,1,1
2233-TXSIU,0.26390393863482925,Bajo,No,No,0,0
8229-TNIQA,0.6465218637857265,Medio,Yes,Yes,1,1
2225-ZRGSG,0.05937689352612007,Bajo,Yes,No,1,0
4475-NVTLU,0.04047036000565983,Bajo,No,No,0,0
6023-YEBUP,0.9348148311738081,Alto,Yes,Yes,1,1
3411-WLRSQ,0.8276163501929603,Alto,No,Yes,0,1
6051-PTVNS,0.05353894793222155,Bajo,No,No,0,0
9554-DFKIC,0.31142094165584705,Bajo,No,No,0,0
0319-QZTCO,0.6604501103137654,Alto,No,Yes,0,1
5442-PPTJY,0.09511395102444722,Bajo,No,No,0,0
4143-OOBWZ,0.8641351021312561,Alto,Yes,Yes,1,1
1090-ESELR,0.07559082019936943,Bajo,No,No,0,0
8118-TJAFG,0.8394620858712663,Alto,No,Yes,0,1
6285-FTQBF,0.024128665816522468,Bajo,No,No,0,0
8165-CBKXO,0.13470105859961132,Bajo,No,No,0,0
9648-BCHKM,0.07585587938084395,Bajo,No,No,0,0
6581-NQCBA,0.6645687579581094,Alto,Yes,Yes,1,1
7234-KMNRQ,0.36262889539883747,Medio,No,No,0,0
5614-DNZCE,0.03924372597444024,Bajo,No,No,0,0
5868-YWPDW,0.8951260728678201,Alto,Yes,Yes,1,1
0002-ORFBO,0.3581281191746252,Medio,No,No,0,0
0734-OXWBT,0.5773288479927243,Medio,No,Yes,0,1
5550-VFRLC,0.9057112917996308,Alto,Yes,Yes,1,1
5813-UECBU,0.6253108465023605,Medio,Yes,Yes,1,1
8937-RDTHP,0.8150742918672087,Alto,Yes,Yes,1,1
7852-LECYP,0.6482515641750994,Medio,No,Yes,0,1
7674-YTAFD,0.2943184727929608,Bajo,No,No,0,0
7521-AFHAB,0.5428724616405609,Medio,No,No,0,0
3088-FVYWK,0.03472909678791784,Bajo,No,No,0,0
8439-LTUGF,0.41297242406184725,Medio,No,No,0,0
8450-UYIBU,0.6488280934724581,Medio,No,Yes,0,1
2954-PIBKO,0.0388455616278129,Bajo,No,No,0,0
2642-MAWLJ,0.034725390528957165,Bajo,No,No,0,0
1345-ZUKID,0.10664316197699589,Bajo,No,No,0,0
9788-YTFGE,0.41263590566328706,Medio,No,No,0,0
9297-FVVDH,0.10901620576648653,Bajo,No,No,0,0
4835-YSJMR,0.07796280822757135,Bajo,No,No,0,0
0529-ONKER,0.7477365601942481,Alto,Yes,Yes,1,1
6776-TLWOI,0.3673684316986649,Medio,Yes,No,1,0
2249-YPRNG,0.7280740671887997,Alto,Yes,Yes,1,1
0384-RVBPI,0.3557104537991634,Medio,No,No,0,0
8166-ORCHU,0.41036598140839187,Medio,No,No,0,0
9378-FXTIZ,0.2924483087179056,Bajo,Yes,No,1,0
1122-YJBCS,0.08183062691370882,Bajo,No,No,0,0
3594-UVONA,0.22189167381398645,Bajo,Yes,No,1,0
3349-ANQNH,0.6257747722329714,Medio,No,Yes,0,1
3280-NMUVX,0.06939097450986795,Bajo,No,No,0,0
6698-OXETB,0.11020280444479609,Bajo,No,No,0,0
2192-OZITF,0.05943634491604912,Bajo,No,No,0,0
1545-JFUML,0.18996013605353648,Bajo,No,No,0,0
2342-CKIAO,0.3721978079534845,Medio,No,No,0,0
5318-YKDPV,0.07840381200000086,Bajo,No,No,0,0
0639-TSIQW,0.398632127836284,Medio,Yes,No,1,0
1757-TCATG,0.06790366696209081,Bajo,No,No,0,0
6856-RAURS,0.8434461406673147,Alto,No,Yes,0,1
6284-KMNUF,0.5000810623686474,Medio,No,No,0,0
0604-THJFP,0.07416762920803037,Bajo,No,No,0,0
8775-CEBBJ,0.635803508056677,Medio,Yes,Yes,1,1
7130-CTCUS,0.375917806682132,Medio,No,No,0,0
5018-LXQQG,0.21108646780778023,Bajo,No,No,0,0
2812-ENYMO,0.2415081856693847,Bajo,No,No,0,0
2121-JAFOM,0.13113445191100856,Bajo,No,No,0,0
5236-PERKL,0.23488216304559986,Bajo,Yes,No,1,0
3296-SILRA,0.826590368946195,Alto,Yes,Yes,1,1
0531-XBKMM,0.026903499897793184,Bajo,No,No,0,0
5959-BELXA,0.7712856828386242,Alto,Yes,Yes,1,1
5726-CVNYA,0.12958141096311585,Bajo,No,No,0,0
9931-KGHOA,0.22011164083535073,Bajo,No,No,0,0
8566-YPRGL,0.4413136321880445,Medio,No,No,0,0
3963-RYFNS,0.13408600278092828,Bajo,No,No,0,0
8356-WUAOJ,0.7396537597534673,Alto,No,Yes,0,1
6476-YHMGA,0.33397863044130444,Medio,No,No,0,0
6538-POCHL,0.5205199633592179,Medio,No,No,0,0
5375-XLDOF,0.12533998878360378,Bajo,No,No,0,0
9624-EGDEQ,0.036916211855164936,Bajo,No,No,0,0
7814-LEEVE,0.45184924377155194,Medio,No,No,0,0
3452-FLHYD,0.11657725943959085,Bajo,No,No,0,0
1302-UHBDD,0.7929455914840854,Alto,No,Yes,0,1
3639-XJHKQ,0.36634386764483984,Medio,No,No,0,0
5456-ITGIC,0.0891572010450805,Bajo,No,No,0,0
2207-RYYRL,0.03335234145184254,Bajo,No,No,0,0
2081-KJSQF,0.44164187987028214,Medio,No,No,0,0
9167-APMXZ,0.7127646260163952,Alto,No,Yes,0,1
8207-DMRVL,0.09187369909234265,Bajo,No,No,0,0
3926-YZVVX,0.11012591344119231,Bajo,No,No,0,0
3748-FVMZZ,0.7924870843625971,Alto,No,Yes,0,1
2754-VDLTR,0.8888588619207751,Alto,Yes,Yes,1,1
5067-XJQFU,0.42619960328518736,Medio,No,No,0,0
9374-YOLBJ,0.4364907498594294,Medio,No,No,0,0
5256-SKJGO,0.1349217899874101,Bajo,No,No,0,0
9108-EQPNQ,0.12528793823945283,Bajo,No,No,0,0
7609-YBPXG,0.07598287760059572,Bajo,No,No,0,0
1075-BGWOH,0.8714072533777828,Alto,Yes,Yes,1,1
1352-HNSAW,0.11735592972726283,Bajo,No,No,0,0
4929-XIHVW,0.9131814411195575,Alto,No,Yes,0,1
5624-RYAMH,0.5000339129182383,Medio,No,No,0,0
7351-KYHQH,0.7879273631314375,Alto,No,Yes,0,1
4671-VJLCL,0.05452733910045908,Bajo,No,No,0,0
9530-EHPOH,0.6947391326308541,Alto,Yes,Yes,1,1
4378-BZYFP,0.12866257110340046,Bajo,No,No,0,0
8361-LBRDI,0.03626233655415313,Bajo,No,No,0,0
2581-VKIRT,0.05625263619697084,Bajo,No,No,0,0
2452-MRMZF,0.043861931615314285,Bajo,No,No,0,0
4990-ALDGW,0.028849772350036416,Bajo,No,No,0,0
4778-IZARL,0.1331845140643474,Bajo,No,No,0,0
8329-UTMVM,0.5575828109256371,Medio,No,Yes,0,1
1163-VIPRI,0.16211708960038942,Bajo,No,No,0,0
8404-VLQFB,0.32850230445376305,Bajo,No,No,0,0
6701-DHKWQ,0.06489845041320928,Bajo,No,No,0,0
7916-VCCPB,0.500608633318228,Medio,No,No,0,0
8250-ZNGGW,0.4475654767934849,Medio,No,No,0,0
6010-DDPPW,0.028174479395378538,Bajo,No,No,0,0
9052-VKDUW,0.5308130294724419,Medio,No,No,0,0
2749-CTKAJ,0.08163426557276507,Bajo,No,No,0,0
0376-YMCJC,0.7070029462159103,Alto,Yes,Yes,1,1
0899-LIIBW,0.7342251844922169,Alto,No,Yes,0,1
3177-LASXD,0.8350216446358473,Alto,Yes,Yes,1,1
9933-QRGTX,0.20894497305536386,Bajo,No,No,0,0
3445-HXXGF,0.5358219396692337,Medio,Yes,No,1,0
5787-KXGIY,0.02270738751595986,Bajo,No,No,0,0
7511-YMXVQ,0.8644903568417325,Alto,Yes,Yes,1,1
4829-ZLJTK,0.2738314267749222,Bajo,No,No,0,0
7853-GVUDZ,0.4209973935698403,Medio,Yes,No,1,0
3154-HMWUU,0.03674897132019168,Bajo,No,No,0,0
7377-DMMRI,0.6717159151239291,Alto,Yes,Yes,1,1
0311-UNPFF,0.7136264524512208,Alto,Yes,Yes,1,1
9626-WEQRM,0.660532328743981,Alto,No,Yes,0,1
3566-HJGPK,0.6610708635403209,Alto,No,Yes,0,1
7278-CKDNC,0.7322748787377258,Alto,No,Yes,0,1
8204-TIFGJ,0.21909636909176003,Bajo,No,No,0,0
0324-BRPCJ,0.6686120301970864,Alto,Yes,Yes,1,1
0607-MVMGC,0.2051230270928659,Bajo,No,No,0,0
4922-CVPDX,0.19179697540714377,Bajo,No,No,0,0
8046-DNVTL,0.05313669291240897,Bajo,No,No,0,0
0991-BRRFB,0.36743408225852625,Medio,Yes,No,1,0
4902-OHLSK,0.7298562202792275,Alto,Yes,Yes,1,1
3969-GYXEL,0.747277272773413,Alto,No,Yes,0,1
3796-ENZGF,0.05458343504220941,Bajo,No,No,0,0
7328-ZJAJO,0.025491821751186396,Bajo,No,No,0,0
1215-VFYVK,0.5958652370333535,Medio,No,Yes,0,1
0431-APWVY,0.5357072524965327,Medio,Yes,No,1,0
3398-FSHON,0.9007526665688884,Alto,Yes,Yes,1,1
5324-KTGCG,0.06131777598786918,Bajo,No,No,0,0
3672-YITQD,0.7653937213069532,Alto,Yes,Yes,1,1
8070-AAWZP,0.3890076606557023,Medio,No,No,0,0
3744-ZRRDZ,0.7005690063292994,Alto,Yes,Yes,1,1
0407-BDJKB,0.5972794808835303,Medio,Yes,Yes,1,1
8129-GMVGI,0.025558752262043433,Bajo,No,No,0,0
3063-QFSZL,0.7970300823691597,Alto,Yes,Yes,1,1
2226-ICFDO,0.059584406576213396,Bajo,No,No,0,0
4472-LVYGI,0.2681204734089595,Bajo,No,No,0,0
4549-ZDQYY,0.07628468760939504,Bajo,No,No,0,0
9710-ZUSHQ,0.6498778123190935,Medio,Yes,Yes,1,1
8314-DPQHL,0.3953880315656035,Medio,No,No,0,0
5248-RPYWW,0.06252005699467308,Bajo,No,No,0,0
8755-OGKNA,0.02642503325608773,Bajo,No,No,0,0
2230-XTUWL,0.026259255577633152,Bajo,No,No,0,0
0151-ONTOV,0.7735174107838758,Alto,Yes,Yes,1,1
5171-EPLKN,0.04734080084655107,Bajo,No,No,0,0
5676-CFLYY,0.05871489736972013,Bajo,No,No,0,0
2905-KFQUV,0.8199035568625049,Alto,No,Yes,0,1
8644-XLFBW,0.892344803817505,Alto,Yes,Yes,1,1
3930-ZGWVE,0.37664022566507704,Medio,No,No,0,0
1383-EZRWL,0.3492701948729204,Medio,Yes,No,1,0
4468-KAZHE,0.590049393117248,Medio,No,Yes,0,1
5453-AXEPF,0.6433938458683974,Medio,No,Yes,0,1
4828-FAZPK,0.6189439238606624,Medio,No,Yes,0,1
6034-YMTOB,0.7431090543879569,Alto,No,Yes,0,1
4012-YCFAI,0.034298519397063715,Bajo,No,No,0,0
2884-GBPFB,0.618447413750855,Medio,Yes,Yes,1,1
7598-UAASY,0.8342250615892991,Alto,Yes,Yes,1,1
4735-BJKOU,0.035006366426548155,Bajo,No,No,0,0
6383-ZTSIW,0.36557420034898364,Medio,No,No,0,0
8623-TMRBY,0.6089322442786455,Medio,Yes,Yes,1,1
8496-EJAUI,0.5874004162180854,Medio,Yes,Yes,1,1
6261-LHRTG,0.3611557005663752,Medio,No,No,0,0
2955-BJZHG,0.6756120474575456,Alto,Yes,Yes,1,1
6112-KTHFQ,0.24316269019750486,Bajo,No,No,0,0
1833-TCXKK,0.6346255214053436,Medio,No,Yes,0,1
8969-PRHFK,0.09947479083552425,Bajo,No,No,0,0
2568-OIADY,0.7716429814188676,Alto,Yes,Yes,1,1
